JD,|A|
2459690.24114583,0.019839682457136
2459690.2412037,0.020305184067129
2459690.24126157,0.020234258078813
2459690.24131944,0.019639434818752
2459690.24137732,0.022625516568689
2459690.24143518,0.020078705137533
2459690.24149306,0.022129392219399
2459690.24155093,0.022094698459133
2459690.2416088,0.019264604849309
2459690.24166667,0.018031389297556
2459690.24172454,0.021758901626691
2459690.24178241,0.021078045450184
2459690.24185185,0.019109790684359
2459690.24190972,0.020307971341323
2459690.24196759,0.019985134475405
2459690.24202546,0.01862458858606
2459690.24208333,0.018522119209205
2459690.2421412,0.020582366239089
2459690.24219907,0.018625138925656
2459690.24225694,0.020439924168157
2459690.24231481,0.018054351276078
2459690.24237269,0.019893330540661
2459690.24243056,0.019822161839719
2459690.24248843,0.020840393470374
2459690.24255787,0.018274356349814
2459690.24261574,0.020020289708194
2459690.24267361,0.019009295094769
2459690.24273148,0.019225631329036
2459690.24278935,0.018467262926595
2459690.24284722,0.019389363063288
2459690.24290509,0.020392716837146
2459690.24296296,0.018378949915596
2459690.24302083,0.018583274738323
2459690.2430787,0.01935850717385
2459690.24313657,0.020948761299896
2459690.24319444,0.018759043152571
2459690.24326389,0.019222229319202
2459690.24332176,0.017790370991073
2459690.24337963,0.019131892222151
2459690.2434375,0.018803863964622
2459690.24350694,0.021620171137158
2459690.24356481,0.019560807754283
2459690.24362269,0.021198370220373
2459690.24368056,0.019134952312457
2459690.24373843,0.01705824434108
2459690.2437963,0.021351388713618
2459690.24385417,0.018335432910079
2459690.24391204,0.018819636021985
2459690.24398148,0.019156338376631
2459690.24403935,0.02142278459958
2459690.24409722,0.019509497687024
2459690.24415509,0.021315567081361
2459690.24422454,0.020351874606532
2459690.24428241,0.021634927778941
2459690.24434028,0.01872707131401
2459690.24439815,0.017216399158942
2459690.24446759,0.019420095262382
2459690.24452546,0.017689194441806
2459690.24458333,0.017136364842055
2459690.2446412,0.020395707881807
2459690.24469907,0.021793838578828
2459690.24475694,0.018923924011684
2459690.24481481,0.018179067632857
2459690.24487268,0.020431040110577
2459690.24494213,0.022885604645716
2459690.245,0.019246864679734
2459690.24505787,0.020993858625798
2459690.24511574,0.020951766035349
2459690.24518519,0.020100858190635
2459690.24524306,0.01761186247959
2459690.24530093,0.018544815987224
2459690.2453588,0.019131892222151
2459690.24541667,0.019653419549788
2459690.24547454,0.017897631128169
2459690.24553241,0.018819325173874
2459690.24559028,0.021108815693923
2459690.24565972,0.017955124616666
2459690.24571759,0.020243203797818
2459690.24577546,0.019342670446451
2459690.24583333,0.020339186316075
2459690.2458912,0.021688162669991
2459690.24594907,0.021659455210139
2459690.24600694,0.018873804597908
2459690.24606481,0.020724536182989
2459690.24613426,0.020793789938345
2459690.24619213,0.017467993588275
2459690.24625,0.020344871589666
2459690.24630787,0.019712526474301
2459690.24636574,0.018844280299338
2459690.24642361,0.021888417028191
2459690.24648148,0.019251631099728
2459690.24653935,0.018175604529148
2459690.24659722,0.021457313438546
2459690.24665509,0.022296773309159
2459690.24671296,0.020004926893143
2459690.24677083,0.02082319860156
2459690.24684028,0.019264604849309
2459690.24689815,0.017146813114979
2459690.24695602,0.019087509004582
2459690.24701389,0.019598020308184
2459690.24708333,0.021318428647534
2459690.2471412,0.02091516674569
2459690.24719907,0.019557814295059
2459690.24725694,0.020146932769035
2459690.24731481,0.017522496968184
2459690.24737269,0.018848034380274
2459690.24743056,0.021078740474706
2459690.24748843,0.020041509424193
2459690.24755787,0.019480310572473
2459690.24761574,0.020325097785743
2459690.24767361,0.01797446522153
2459690.24773148,0.018498048545725
2459690.24778935,0.02121831991464
2459690.24784722,0.018598473055603
2459690.24790509,0.022018567165009
2459690.24796296,0.019716635108456
2459690.24803241,0.020526358663923
2459690.24809028,0.019149968668382
2459690.24814815,0.021793301723236
2459690.24820602,0.020940047755438
2459690.24827546,0.019162781635243
2459690.24833333,0.020333978951499
2459690.2483912,0.020825753287697
2459690.24844907,0.018819636021985
2459690.24851852,0.02100654659862
2459690.24857639,0.019667915497073
2459690.24863426,0.017152133978022
2459690.24869213,0.021662181330605
2459690.24876157,0.017069311644
2459690.24881944,0.019639857433291
2459690.24887731,0.019667890074942
2459690.24893519,0.020845426356878
2459690.24900463,0.020944101795016
2459690.2490625,0.018521144673049
2459690.24912037,0.019758048992752
2459690.24917824,0.020940047755438
2459690.24924768,0.019743743312756
2459690.24930556,0.019444881074463
2459690.24936343,0.020660341236291
2459690.2494213,0.019843371689307
2459690.24949074,0.018473313184158
2459690.24954861,0.02092277228285
2459690.24960648,0.021374255542592
2459690.24966435,0.019209760539892
2459690.2497338,0.019697964361832
2459690.24979167,0.018718026071143
2459690.24984954,0.020134721254589
2459690.24990741,0.018190043980156
2459690.24997685,0.021330168775704
2459690.25003472,0.020352066234169
2459690.25009259,0.022833302433069
2459690.25015046,0.016877168008881
2459690.25021991,0.018031389297556
2459690.25027778,0.023328514740549
2459690.25033565,0.018473656920058
2459690.25039352,0.021276404771483
2459690.25046296,0.019373954165322
2459690.25052083,0.020191475924261
2459690.2505787,0.019668212933564
2459690.25063657,0.022328334017566
2459690.25070602,0.01797832027749
2459690.25076389,0.019608898490226
2459690.25082176,0.020349093345896
2459690.25087963,0.019600186223605
2459690.25094907,0.022148392718209
2459690.25100694,0.020614727744989
2459690.25106481,0.021817360060282
2459690.25112268,0.019028205380435
2459690.25118056,0.021474659485077
2459690.25123843,0.019978198116947
2459690.2512963,0.019401239651115
2459690.25135417,0.022270056129251
2459690.25142361,0.018222637021024
2459690.25148148,0.021727772550356
2459690.25153935,0.018318045747295
2459690.25159722,0.020625685443156
2459690.25166667,0.020598742680076
2459690.25172454,0.018756025698426
2459690.25178241,0.020245397007715
2459690.25184028,0.020189784545656
2459690.25190972,0.018466285495465
2459690.25196759,0.019916914921744
2459690.25202546,0.018156558043859
2459690.25208333,0.021129103151814
2459690.2521412,0.021457313438546
2459690.25219907,0.018949591024611
2459690.25225694,0.019324445658285
2459690.25231481,0.020256241013574
2459690.25238426,0.021151817888777
2459690.25244213,0.02043634262778
2459690.2525,0.021837346450519
2459690.25255787,0.018346501028807
2459690.25262732,0.01870138497545
2459690.25268518,0.02001409753149
2459690.25274306,0.02020860460299
2459690.25280093,0.01889855814606
2459690.2528588,0.023205818235951
2459690.25291667,0.021271473855848
2459690.25297454,0.020395707881807
2459690.25303241,0.021485269372293
2459690.25309028,0.01943579429815
2459690.25314815,0.021123420651022
2459690.25320602,0.019422682615952
2459690.25326389,0.021221585708896
2459690.25333333,0.019218522315725
2459690.2533912,0.021323669946799
2459690.25344907,0.019233421432496
2459690.25350694,0.021165540389983
2459690.25356481,0.020726490296237
2459690.25362269,0.020375431283779
2459690.25368056,0.019959233452215
2459690.25373843,0.021160491487676
2459690.25380787,0.020222171001156
2459690.25386574,0.021386717840753
2459690.25392361,0.019680416662256
2459690.25398148,0.022040719135273
2459690.25405093,0.018234363164092
2459690.2541088,0.021116697184929
2459690.25416667,0.019137962273973
2459690.25422454,0.020112993312782
2459690.25428241,0.021574438579022
2459690.25434028,0.019930092824671
2459690.25439815,0.017618013508906
2459690.25445602,0.019591245493842
2459690.25452546,0.020167511001609
2459690.25458333,0.019056728470543
2459690.2546412,0.021390025712935
2459690.25469907,0.019798464586932
2459690.25476852,0.022683740873145
2459690.25482639,0.0189589372065
2459690.25488426,0.018202219644868
2459690.25494213,0.021386032825188
2459690.25501157,0.020251204902425
2459690.25506944,0.019364077566463
2459690.25512731,0.020043335550751
2459690.25518519,0.021388999509094
2459690.25524306,0.021626400532682
2459690.25530093,0.020985721336185
2459690.2553588,0.022235341238668
2459690.25541667,0.021084226331549
2459690.25548611,0.020263997631267
2459690.25554398,0.022924486908108
2459690.25560185,0.020191475924261
2459690.25565972,0.022121539277365
2459690.25571759,0.022980213227906
2459690.25577546,0.020178010308254
2459690.25583333,0.019280733907194
2459690.2558912,0.019069195053803
2459690.25596065,0.019296748430759
2459690.25601852,0.020450926629373
2459690.25607639,0.020325577482571
2459690.25613426,0.020444698579338
2459690.25619213,0.022653860598141
2459690.25625,0.019672132573771
2459690.25630787,0.021034497854715
2459690.25636574,0.02082319860156
2459690.25643519,0.020065844113817
2459690.25649306,0.019484568252851
2459690.25655093,0.021538284518503
2459690.2566088,0.020138962237414
2459690.25667824,0.020142378211125
2459690.25673611,0.020138962237414
2459690.25679398,0.020569914924472
2459690.25685185,0.021133075971093
2459690.25690972,0.018974683133059
2459690.25696759,0.022129457743018
2459690.25702546,0.019866942391823
2459690.25708333,0.017515310445436
2459690.2571412,0.021234137609048
2459690.25719907,0.020151486297542
2459690.25725694,0.021171211585547
2459690.25731481,0.018787871087486
2459690.25738426,0.021107636059019
2459690.25744213,0.02023324492018
2459690.2575,0.02082319860156
2459690.25755787,0.020033886292979
2459690.25762731,0.02233242037935
2459690.25768519,0.019227534943409
2459690.25774306,0.020850623491877
2459690.25780093,0.021946974734573
2459690.25787037,0.018434969487363
2459690.25792824,0.022967468297573
2459690.25798611,0.018099947513736
2459690.25804398,0.021638514274321
2459690.25810185,0.018701489245512
2459690.25815972,0.020146932769035
2459690.25821759,0.019422682615952
2459690.25827546,0.020905831722273
2459690.25834491,0.019490002565418
2459690.25840278,0.02217290238106
2459690.25846065,0.018949282308309
2459690.25851852,0.023119247392595
2459690.25857639,0.019945585977855
2459690.25863426,0.019459331951534
2459690.25869213,0.019440915616298
2459690.25875,0.021168837946378
2459690.25881944,0.021066883965124
2459690.25887731,0.018905451594712
2459690.25893518,0.020686519765297
2459690.25899306,0.022381881064826
2459690.2590625,0.020579426619807
2459690.25912037,0.019171692674357
2459690.25917824,0.020501904789556
2459690.25923611,0.018678565255394
2459690.25929398,0.018551183250672
2459690.25935185,0.020552304007094
2459690.25940972,0.021114016671396
2459690.25946759,0.018483454763653
2459690.25953704,0.018759043152571
2459690.25959491,0.021267801955068
2459690.25965278,0.021978903521332
2459690.25971065,0.020861900680427
2459690.25978009,0.019109790684359
2459690.25983796,0.022030553783326
2459690.25989583,0.021255385199991
2459690.2599537,0.021614256869021
2459690.26001157,0.018608756003559
2459690.26006944,0.021259402625662
2459690.26012731,0.018962386453187
2459690.26018519,0.019309212827042
2459690.26025463,0.02170129950026
2459690.2603125,0.018540315531296
2459690.26037037,0.0223005381101
2459690.26042824,0.019555093965512
2459690.26049768,0.018057189703827
2459690.26055556,0.020340985718495
2459690.26061343,0.019172253388687
2459690.2606713,0.020588601215236
2459690.26074074,0.02160834098213
2459690.26079861,0.019233954351615
2459690.26085648,0.019050427816719
2459690.26091435,0.019420095262382
2459690.26097222,0.022882405904974
2459690.26103009,0.020549454980607
2459690.26108796,0.019856819987098
2459690.26114583,0.01932161742712
2459690.26121528,0.018845031175352
2459690.26127315,0.022745421517308
2459690.26133102,0.018866616018778
2459690.26138889,0.020660341236291
2459690.26145833,0.018665706522926
2459690.2615162,0.020742376912977
2459690.26157407,0.021109855518217
2459690.26163194,0.022337161860899
2459690.26168981,0.018832700284346
2459690.26174769,0.020269077433371
2459690.26180556,0.021050429924351
2459690.26186343,0.01977061708698
2459690.26193287,0.020651789268729
2459690.26199074,0.020547364794542
2459690.26204861,0.020904174224303
2459690.26210648,0.018553603423594
2459690.26217593,0.020793789938345
2459690.2622338,0.019947543708437
2459690.26229167,0.020452740647649
2459690.26234954,0.01993317837175
2459690.26241898,0.020623532675078
2459690.26247685,0.019710446468815
2459690.26253472,0.021038835519106
2459690.26259259,0.019021151384709
2459690.26265046,0.018996762882133
2459690.26270833,0.020961290513707
2459690.2627662,0.02081255630623
2459690.26282407,0.019855591152116
2459690.26289352,0.019127122104488
2459690.26295139,0.02098739621773
2459690.26300926,0.0198753415065
2459690.26306713,0.021114016671396
2459690.263125,0.021055946903429
2459690.26318287,0.020444698579338
2459690.26324074,0.02086709371235
2459690.26329861,0.019954563387857
2459690.26336806,0.020465739664131
2459690.26342593,0.020993789557867
2459690.2634838,0.019813222857476
2459690.26354167,0.021690682331361
2459690.26359954,0.019453989308109
2459690.26365741,0.020725925793556
2459690.26371528,0.022750248350293
2459690.26377315,0.018202648158991
2459690.26384259,0.021621096179426
2459690.26390046,0.019440915616298
2459690.26395833,0.022259667562657
2459690.2640162,0.018339983642305
2459690.26407407,0.019606906946278
2459690.26413194,0.019743520456089
2459690.26418981,0.019052579877801
2459690.26424769,0.019425848758806
2459690.26431713,0.020993858625798
2459690.264375,0.020527191722201
2459690.26443287,0.022730741298955
2459690.26449074,0.020352066234169
2459690.26456019,0.021921922817125
2459690.26461806,0.018864416237986
2459690.26467593,0.022121539277365
2459690.2647338,0.01872707131401
2459690.26480324,0.020271196313982
2459690.26486111,0.020310878858385
2459690.26491898,0.021484678261496
2459690.26497685,0.019600783147619
2459690.26503472,0.02182657325372
2459690.26509259,0.019857532575826
2459690.26515046,0.019875537728575
2459690.26520833,0.019716411945382
2459690.26527778,0.020433428493525
2459690.26533565,0.023060323067989
2459690.26539352,0.020189784545656
2459690.26545139,0.020537648356129
2459690.26552083,0.020418998506293
2459690.2655787,0.020621544559029
2459690.26563657,0.021587982768198
2459690.26569444,0.019607105854766
2459690.26575231,0.022170151104582
2459690.26581019,0.019094001675919
2459690.26586806,0.022505014996663
2459690.26592593,0.01903782025338
2459690.26599537,0.019680416662256
2459690.26605324,0.020724536182989
2459690.26611111,0.020592913829762
2459690.26616898,0.021220136663085
2459690.26623843,0.022984014009742
2459690.2662963,0.022332769644628
2459690.26635417,0.019252568659792
2459690.26641204,0.020880536391578
2459690.26648148,0.018739834577712
2459690.26653935,0.021165540389983
2459690.26659722,0.023008863509526
2459690.26665509,0.020365490418843
2459690.26671296,0.017974682194687
2459690.26677083,0.02126773377678
2459690.2668287,0.018726732229623
2459690.26688657,0.019725519004579
2459690.26695602,0.019233954351615
2459690.26701389,0.0228174604196
2459690.26707176,0.01946870822628
2459690.26712963,0.020413118331113
2459690.26719907,0.023155293131377
2459690.26725694,0.021055274873532
2459690.26731481,0.019033538819673
2459690.26737268,0.022331612122729
2459690.26744213,0.021137393406
2459690.2675,0.020049201979131
2459690.26755787,0.021935742522194
2459690.26761574,0.019842855137303
2459690.26768519,0.020029306028917
2459690.26774306,0.023124692430387
2459690.26780093,0.019918777572934
2459690.2678588,0.021842373955228
2459690.26792824,0.018787974877565
2459690.26798611,0.021542339705798
2459690.26804398,0.020005951614457
2459690.26810185,0.019175103650307
2459690.2681713,0.01946870822628
2459690.26822917,0.020454028942974
2459690.26828704,0.02192757624545
2459690.26834491,0.017666171062231
2459690.26840278,0.02086709371235
2459690.26846065,0.02092277228285
2459690.26851852,0.020423873285937
2459690.26857639,0.018787974877565
2459690.26864583,0.021935920313495
2459690.2687037,0.020824862544564
2459690.26876157,0.020546177260016
2459690.26881944,0.020433142195952
2459690.26888889,0.019627878132901
2459690.26894676,0.019550327362988
2459690.26900463,0.018303040730982
2459690.2690625,0.019425194979717
2459690.26913194,0.016932017009205
2459690.26918981,0.021650981502001
2459690.26924769,0.022098651542572
2459690.26930556,0.019935087158074
2459690.269375,0.019275064202228
2459690.26943287,0.022482777853281
2459690.26949074,0.018905451594712
2459690.26954861,0.02163456724781
2459690.26961806,0.021767310352912
2459690.26967593,0.021942326676996
2459690.2697338,0.019287389662679
2459690.26979167,0.020862042086047
2459690.26984954,0.021131713134528
2459690.26990741,0.020915750046317
2459690.26996528,0.021078740474706
2459690.27002315,0.018424483710541
2459690.27009259,0.021079898007343
2459690.27015046,0.019825534040726
2459690.27020833,0.019743520456089
2459690.2702662,0.019233980347292
2459690.27032407,0.02243327885085
2459690.27038194,0.020349093345896
2459690.27043981,0.01918467096408
2459690.27049769,0.018679427186078
2459690.27056713,0.021326164680974
2459690.270625,0.018777244206752
2459690.27068287,0.017977967070834
2459690.27074074,0.023430083226485
2459690.27079861,0.0202368871124
2459690.27085648,0.02023845349823
2459690.27091435,0.020907185367715
2459690.27097222,0.021181029247891
2459690.27104167,0.019143928541446
2459690.27109954,0.02081930834586
2459690.27115741,0.02046946017852
2459690.27121528,0.019649173010588
2459690.27127315,0.02053339475099
2459690.27133102,0.019484368093423
2459690.27138889,0.022071694543012
2459690.27144676,0.018443887876476
2459690.2715162,0.019835475794646
2459690.27157407,0.019425848758806
2459690.27163194,0.022054264893666
2459690.27168981,0.020138065944872
2459690.27174768,0.01885051988673
2459690.27180556,0.021558666470819
2459690.27186343,0.019367353975182
2459690.2719213,0.01829469321962
2459690.27199074,0.021426679630778
2459690.27204861,0.018711715581421
2459690.27210648,0.019591245493842
2459690.27216435,0.019554868958906
2459690.27222222,0.020930047778254
2459690.27228009,0.021345582681201
2459690.27233796,0.019677093281275
2459690.27239583,0.021444323258149
2459690.2724537,0.019724999366287
2459690.27251157,0.020150880874046
2459690.27256944,0.020649852299714
2459690.27262731,0.021326164680974
2459690.27268519,0.019932247740784
2459690.27274306,0.02090270317447
2459690.27280093,0.023153965103196
2459690.2728588,0.020089031833317
2459690.27291667,0.021945307015396
2459690.27297454,0.021113138089825
2459690.27303241,0.021622812028041
2459690.27309028,0.019203713182611
2459690.27314815,0.020744235343825
2459690.27320602,0.021964000091058
2459690.27326389,0.018656971887206
2459690.27332176,0.019628573559992
2459690.27337963,0.020526358663923
2459690.2734375,0.020025358923126
2459690.27349537,0.022921825843506
2459690.27355324,0.021330053914606
2459690.27361111,0.021200511786275
2459690.27366898,0.021213260004064
2459690.27372685,0.020911386850231
2459690.27378472,0.020029306028917
2459690.27384259,0.020919249508527
2459690.27390046,0.021200672159156
2459690.27395833,0.017655449583627
2459690.2740162,0.022707135442411
2459690.27407407,0.019792203010277
2459690.27413194,0.019827281709806
2459690.27418981,0.020333787153406
2459690.27424769,0.019225631329036
2459690.27430556,0.022898480298919
2459690.27436343,0.019330354368195
2459690.2744213,0.021337305359394
2459690.27447917,0.022284667374677
2459690.27453704,0.019356717180349
2459690.27459491,0.020498929240329
2459690.27465278,0.019930386348488
2459690.27471065,0.022038239494116
2459690.27476852,0.019168740177696
2459690.27482639,0.02042707516998
2459690.27488426,0.021210867497583
2459690.27494213,0.01744400756707
2459690.275,0.020031767271012
2459690.27505787,0.0192095314883
2459690.27511574,0.021946218353056
2459690.27517361,0.018427900043141
2459690.27523148,0.020942564312901
2459690.27528935,0.019033538819673
2459690.27534722,0.018984248734148
2459690.27540509,0.022725459291288
2459690.27546296,0.01885429924447
2459690.27552083,0.021436016420968
2459690.2755787,0.021255269934772
2459690.27563657,0.020779186702083
2459690.27569444,0.017419512048275
2459690.27575231,0.019440915616298
2459690.27581019,0.019857532575826
2459690.27586806,0.019081346912627
2459690.27592593,0.023232950738122
2459690.2759838,0.023117917293736
2459690.27604167,0.018866356298978
2459690.27609954,0.021946974734573
2459690.27615741,0.019466527682152
2459690.27621528,0.020660341236291
2459690.27627315,0.021230115402418
2459690.27633102,0.021313666976849
2459690.27638889,0.023079360909696
2459690.27644676,0.020005341786633
2459690.27650463,0.021884069548418
2459690.2765625,0.020260649051795
2459690.27662037,0.021700714273959
2459690.27667824,0.018146826168782
2459690.27673611,0.020109863251649
2459690.27679398,0.020450926629373
2459690.27685185,0.02004981047292
2459690.27690972,0.021715146787439
2459690.27696759,0.020393601937863
2459690.27702546,0.024228578167115
2459690.27708333,0.022380464695801
2459690.2771412,0.020094399717334
2459690.27719907,0.021207967842299
2459690.27725694,0.018570691963414
2459690.27731481,0.020250916028664
2459690.27737269,0.018984248734148
2459690.27743056,0.02152969577119
2459690.27748843,0.022403216286953
2459690.2775463,0.02025496482347
2459690.27760417,0.022815299691216
2459690.27766204,0.021027722178115
2459690.27771991,0.021552146064835
2459690.27777778,0.019682177216965
2459690.27783565,0.020742376912977
2459690.27789352,0.021454197724455
2459690.27795139,0.018679427186078
2459690.27800926,0.020752185427082
2459690.27806713,0.018621549344778
2459690.278125,0.019867262015688
2459690.27818287,0.01942949047196
2459690.27824074,0.02106790212622
2459690.27829861,0.02352801946616
2459690.27835648,0.020870577375818
2459690.27841435,0.020374162559477
2459690.27847222,0.020592250969722
2459690.27853009,0.02241347362637
2459690.27858796,0.021928889620772
2459690.27864583,0.019627330434881
2459690.2787037,0.022925891476669
2459690.27876157,0.018268346942184
2459690.27881944,0.021673036243222
2459690.27887731,0.021499369758205
2459690.27893519,0.020541141643054
2459690.27899306,0.019466301651829
2459690.27905093,0.021119008025947
2459690.2791088,0.020640397282998
2459690.27916667,0.019451154207399
2459690.27922454,0.022690193917197
2459690.27928241,0.019244025046752
2459690.27934028,0.020149741933831
2459690.27939815,0.021848986246506
2459690.27945602,0.019366951231415
2459690.27951389,0.021544990136921
2459690.27957176,0.019224767878963
2459690.27962963,0.020029330992322
2459690.2796875,0.018628204422327
2459690.27974537,0.018794363516757
2459690.27980324,0.0222860247689
2459690.27986111,0.021144318385798
2459690.27991898,0.023128469469466
2459690.27997685,0.02189131562972
2459690.28003472,0.020934407084988
2459690.28009259,0.020360768649538
2459690.28015046,0.018330428254681
2459690.28020833,0.021946974734573
2459690.2802662,0.019309212827042
2459690.28032407,0.022083917224985
2459690.28038194,0.018429674440966
2459690.28043981,0.020266983001917
2459690.28049769,0.020824862544564
2459690.28055556,0.020584452871038
2459690.28061343,0.02304893489947
2459690.2806713,0.01909637923796
2459690.28072917,0.022138827882253
2459690.28078704,0.021034775967431
2459690.28084491,0.021129611922608
2459690.28090278,0.021583755465627
2459690.28096065,0.018752434508618
2459690.28101852,0.022620985831745
2459690.28107639,0.021415585446119
2459690.28113426,0.019490728565141
2459690.28119213,0.018523674041615
2459690.28125,0.0201987252073
2459690.28130787,0.020660341236291
2459690.28136574,0.019524499993598
2459690.28142361,0.021675963646399
2459690.28148148,0.020418998506293
2459690.28153935,0.021723751977962
2459690.28159722,0.020611673876714
2459690.28165509,0.021239008922264
2459690.28171296,0.020180815147065
2459690.28177083,0.018847853989248
2459690.2818287,0.021891872921246
2459690.28188657,0.019163113003894
2459690.28194444,0.019849544075369
2459690.28200231,0.020366256406124
2459690.28206019,0.01893029318315
2459690.28211806,0.022718587103955
2459690.28217593,0.018708351076458
2459690.2822338,0.021144318385798
2459690.28229167,0.022129105268854
2459690.28234954,0.022675866025358
2459690.28240741,0.0197184913216
2459690.28246528,0.01975239226018
2459690.28252315,0.020506069833101
2459690.28258102,0.022008857307911
2459690.28263889,0.019149968668382
2459690.28269676,0.022268500174013
2459690.28275463,0.019517551075891
2459690.2828125,0.022191843096057
2459690.28287037,0.019591245493842
2459690.28292824,0.022058159488044
2459690.28298611,0.020798177804798
2459690.28304398,0.021169782710269
2459690.28310185,0.021424698364271
2459690.28315972,0.02032147140342
2459690.28321759,0.022805972901852
2459690.28327546,0.020031864616156
2459690.28333333,0.023713626884136
2459690.2833912,0.019484668331794
2459690.28344907,0.021171211585547
2459690.28350694,0.019906205062744
2459690.28356481,0.021115056239565
2459690.28362269,0.023087013665695
2459690.28368056,0.018739834577712
2459690.28373843,0.021390299203144
2459690.2837963,0.020757381819488
2459690.28385417,0.020483234607845
2459690.28391204,0.021543857593291
2459690.28396991,0.018563674205286
2459690.28402778,0.020150880874046
2459690.28408565,0.021230115402418
2459690.28414352,0.018682692525437
2459690.28420139,0.019387702287791
2459690.28425926,0.019839682457136
2459690.28431713,0.020440831685624
2459690.284375,0.019122426624255
2459690.28443287,0.022027673504027
2459690.28449074,0.018598473055603
2459690.28454861,0.018981111663968
2459690.28460648,0.020189784545656
2459690.28466435,0.021939747035916
2459690.28472222,0.020400061274418
2459690.28478009,0.018408479024623
2459690.28483796,0.022211647845219
2459690.28489583,0.019712526474301
2459690.2849537,0.022071141791942
2459690.28501157,0.02102783869065
2459690.28506944,0.018984248734148
2459690.28512731,0.021942326676996
2459690.28518519,0.019710446468815
2459690.28524306,0.021081055476423
2459690.28530093,0.020201141056881
2459690.2853588,0.020854999400623
2459690.28541667,0.020852167753018
2459690.28547454,0.020460493640184
2459690.28553241,0.021694619148536
2459690.28559028,0.021607482500282
2459690.28564815,0.021502841672672
2459690.28570602,0.020043505182478
2459690.28576389,0.021046303713479
2459690.28582176,0.020569416617882
2459690.28587963,0.017576748846132
2459690.2859375,0.023087013665695
2459690.28599537,0.020136538928028
2459690.28605324,0.020802283528498
2459690.28611111,0.020602817768451
2459690.28616898,0.021500867424362
2459690.28622685,0.022445935044012
2459690.28628472,0.018598473055603
2459690.28634259,0.021133653257305
2459690.28640046,0.018708169338554
2459690.28645833,0.020938206704491
2459690.2865162,0.019813222857476
2459690.28657407,0.020524814250073
2459690.28663194,0.021181605227178
2459690.28668981,0.019567143378634
2459690.28674769,0.021175821117492
2459690.28680556,0.022839713220617
2459690.28686343,0.022872892252621
2459690.2869213,0.019815932983334
2459690.28697917,0.018202219644868
2459690.28703704,0.019634265965398
2459690.28709491,0.019974729034458
2459690.28715278,0.020266790569797
2459690.28721065,0.019716411945382
2459690.28726852,0.019425748376832
2459690.28732639,0.022657285803909
2459690.28738426,0.019379620739323
2459690.28744213,0.02133186114712
2459690.2875,0.019827700320511
2459690.28755787,0.02280729927019
2459690.28761574,0.019857532575826
2459690.28767361,0.020478684039752
2459690.28773148,0.021570185441948
2459690.28778935,0.020369371615246
2459690.28784722,0.020968273653308
2459690.28790509,0.018335672881026
2459690.28796296,0.019425194979717
2459690.28802083,0.019572455134704
2459690.2880787,0.021017763915317
2459690.28813657,0.021281863170315
2459690.28819444,0.020120464706363
2459690.28825231,0.022851632326816
2459690.28831019,0.020189784545656
2459690.28836806,0.020879157071108
2459690.28842593,0.021239882297226
2459690.2884838,0.017519851597545
2459690.28854167,0.021544990136921
2459690.28859954,0.019231417004475
2459690.28865741,0.021463657656607
2459690.28871528,0.017740239569972
2459690.28877315,0.020384506371262
2459690.28883102,0.021455630962524
2459690.28888889,0.019293485947335
2459690.28894676,0.021945307015396
2459690.28900463,0.019040716898268
2459690.2890625,0.02072001447876
2459690.28912037,0.018733558124393
2459690.28917824,0.022369079104872
2459690.28923611,0.020605470147512
2459690.28929398,0.021343022278956
2459690.28935185,0.022445935044012
2459690.28940972,0.01815591363716
2459690.28946759,0.022319590049999
2459690.28952546,0.019736648651684
2459690.28958333,0.021194272811305
2459690.2896412,0.021750691943017
2459690.28969907,0.023556190269227
2459690.28975694,0.0219364103718
2459690.28981481,0.020611673876714
2459690.28987269,0.021148749372008
2459690.28993056,0.018117463950564
2459690.28998843,0.01870138497545
2459690.2900463,0.020468053156077
2459690.29010417,0.021169114294179
2459690.29016204,0.020942564312901
2459690.29021991,0.019969842262772
2459690.29027778,0.020842125611367
2459690.29033565,0.020947317250665
2459690.29039352,0.01980676904495
2459690.29045139,0.021074572356278
2459690.29050926,0.019172253388687
2459690.29056713,0.021124691713727
2459690.290625,0.019490928659251
2459690.29068287,0.020640397282998
2459690.29074074,0.020790363152192
2459690.29079861,0.020283830999099
2459690.29085648,0.020041606722017
2459690.29091435,0.019133805162591
2459690.29097222,0.022054906483592
2459690.29103009,0.017464389482602
2459690.29108796,0.020838051732348
2459690.29114583,0.01859277816788
2459690.2912037,0.020340073746179
2459690.29126157,0.021778808507354
2459690.29131944,0.017385384666438
2459690.29137731,0.021255385199991
2459690.29143519,0.017867257763854
2459690.29149306,0.021055946903429
2459690.29155093,0.019875414461087
2459690.2916088,0.020838051732348
2459690.29166667,0.021930914253628
2459690.29172454,0.019007061845535
2459690.29178241,0.021185428954827
2459690.29184028,0.020909146324037
2459690.29189815,0.022805159503937
2459690.29195602,0.020942564312901
2459690.29201389,0.019748364489243
2459690.29207176,0.021789651213363
2459690.29212963,0.020050004987531
2459690.2921875,0.020049201979131
2459690.29224537,0.020152890611523
2459690.29230324,0.019760741382853
2459690.29236111,0.022095979272257
2459690.29241898,0.0207038039983
2459690.29247685,0.021042918048598
2459690.29253472,0.018708351076458
2459690.29259259,0.020129292088894
2459690.29265046,0.021536018666411
2459690.29270833,0.022620532708139
2459690.2927662,0.021191026402702
2459690.29282407,0.019686193131228
2459690.29288194,0.02111778397465
2459690.29293981,0.020681424032208
2459690.29299769,0.021456267149717
2459690.29305556,0.020301578756343
2459690.29311343,0.020027503588815
2459690.2931713,0.021081055476423
2459690.29322917,0.020239298406813
2459690.29328704,0.022213097487744
2459690.29334491,0.020478183513193
2459690.29340278,0.023342692646736
2459690.29346065,0.019262172774638
2459690.29351852,0.019087126551684
2459690.29357639,0.022018921408643
2459690.29363426,0.020351874606532
2459690.29369213,0.021668645550657
2459690.29375,0.020136538928028
2459690.29380787,0.020930047778254
2459690.29386574,0.021579775253695
2459690.29392361,0.019876249646249
2459690.29398148,0.021969465173281
2459690.29403935,0.018864029262064
2459690.29409722,0.020641366233852
2459690.29415509,0.019018611936732
2459690.29421296,0.021290735074205
2459690.29427083,0.020061465549655
2459690.2943287,0.020448278656161
2459690.29438657,0.019743224154124
2459690.29444444,0.02000260982972
2459690.29450231,0.022117524725882
2459690.29456019,0.019749921518832
2459690.29461806,0.019978100510309
2459690.29467593,0.018790156997748
2459690.2947338,0.018897396646099
2459690.29479167,0.020549240861891
2459690.29484954,0.01960735576257
2459690.29490741,0.021017763915317
2459690.29496528,0.017209282378995
2459690.29502315,0.020132612845828
2459690.29508102,0.019634265965398
2459690.29513889,0.019756123101459
2459690.29519676,0.022756574874089
2459690.29525463,0.018733558124393
2459690.2953125,0.022407572380782
2459690.29537037,0.02067944148182
2459690.29542824,0.019867556467769
2459690.29548611,0.021909030101764
2459690.29554398,0.01696043926318
2459690.29560185,0.02069585948928
2459690.29565972,0.017303566106442
2459690.29571759,0.020353169286379
2459690.29577546,0.019775231983469
2459690.29583333,0.021065424277712
2459690.2958912,0.024099914937609
2459690.29594907,0.01869128406504
2459690.29600694,0.021774416180463
2459690.29606481,0.019680416662256
2459690.29612269,0.022552864563066
2459690.29618056,0.018720737164973
2459690.29623843,0.020268211563925
2459690.2962963,0.019968107071027
2459690.29635417,0.019466301651829
2459690.29641204,0.020921395746938
2459690.29646991,0.020582366239089
2459690.29652778,0.021675400803676
2459690.29658565,0.019253303612627
2459690.29664352,0.022018013080203
2459690.29670139,0.021033245113391
2459690.29675926,0.022525345724317
2459690.29681713,0.023478790428811
2459690.296875,0.019502617773007
2459690.29693287,0.021943639169472
2459690.29699074,0.019929480675622
2459690.29704861,0.019479758725405
2459690.29710648,0.022335588194628
2459690.29716435,0.020251518461587
2459690.29722222,0.021833904827126
2459690.29728009,0.019843396886622
2459690.29733796,0.019410844906907
2459690.29739583,0.021027536707851
2459690.2974537,0.018598473055603
2459690.29751157,0.021085106117826
2459690.29756944,0.01909637923796
2459690.29762731,0.022897244375689
2459690.29768518,0.020762177149808
2459690.29774306,0.020541141643054
2459690.29780093,0.020224005537974
2459690.2978588,0.02160834098213
2459690.29791667,0.021888417028191
2459690.29797454,0.01935525510036
2459690.29803241,0.023040401472197
2459690.29809028,0.021022314335011
2459690.29814815,0.02111778397465
2459690.29820602,0.019264604849309
2459690.29826389,0.022144536572256
2459690.29832176,0.021587982768198
2459690.29837963,0.019293485947335
2459690.2984375,0.022447218090445
2459690.29849537,0.017614743824422
2459690.29855324,0.022640759704568
2459690.29861111,0.020089031833317
2459690.29866898,0.020251204902425
2459690.29872685,0.021856266835853
2459690.29878472,0.018943384069379
2459690.29884259,0.022610477659705
2459690.29890046,0.022025569232145
2459690.29895833,0.022815043282887
2459690.2990162,0.019275064202228
2459690.29907407,0.019509497687024
2459690.29913194,0.020753243120052
2459690.29918981,0.019051913289746
2459690.29924769,0.022327328545977
2459690.29930556,0.019893526585299
2459690.29936343,0.021067230477687
2459690.2994213,0.022157754850165
2459690.29947917,0.019701383200172
2459690.29953704,0.019743224154124
2459690.29959491,0.021067230477687
2459690.29965278,0.02286738725784
2459690.29971065,0.02040797883182
2459690.29976852,0.020009487749565
2459690.29982639,0.020662514367811
2459690.29988426,0.018739834577712
2459690.29994213,0.020230832904258
2459690.3,0.018631478738952
2459690.30005787,0.021637273395694
2459690.30011574,0.018799632975141
2459690.30017361,0.02025713207737
2459690.30023148,0.020681424032208
2459690.30028935,0.018952166103113
2459690.30034722,0.023196879100431
2459690.30040509,0.020867958692694
2459690.30046296,0.022135168849593
2459690.30052083,0.019433911083464
2459690.3005787,0.018499262147448
2459690.30063657,0.019993043790279
2459690.30069444,0.021538284518503
2459690.30075231,0.021290253638696
2459690.30081019,0.018665706522926
2459690.30086806,0.022027673504027
2459690.30092593,0.019673893869796
2459690.3009838,0.020997554619527
2459690.30104167,0.022114854736127
2459690.30109954,0.018608756003559
2459690.30115741,0.02067944148182
2459690.30121528,0.020582366239089
2459690.30127315,0.020056186078116
2459690.30133102,0.019827281709806
2459690.30138889,0.018208679249193
2459690.30144676,0.021659455210139
2459690.30150463,0.020181008398987
2459690.3015625,0.023959810099414
2459690.30162037,0.018914896246081
2459690.30167824,0.021754707536531
2459690.30173611,0.020776556500056
2459690.30179398,0.022178931444053
2459690.30185185,0.021451081557814
2459690.30190972,0.020180743296519
2459690.30196759,0.023435456044208
2459690.30202546,0.02112727857534
2459690.30208333,0.022772781999571
2459690.3021412,0.020136538928028
2459690.30219907,0.020504284918036
2459690.30225694,0.02164949422042
2459690.30231481,0.019957106503699
2459690.30237269,0.019736425714906
2459690.30243056,0.020384339577234
2459690.30248843,0.023666495304544
2459690.3025463,0.020266163919203
2459690.30260417,0.019673893869796
2459690.30266204,0.020764809173214
2459690.30271991,0.01994725043709
2459690.30277778,0.022918014748228
2459690.30283565,0.018202219644868
2459690.30289352,0.019811918130257
2459690.30295139,0.022242933709383
2459690.30300926,0.020930117056529
2459690.30306713,0.023215677892321
2459690.303125,0.019517850803816
2459690.30318287,0.019627330434881
2459690.30324074,0.021313003073242
2459690.30329861,0.019551250599386
2459690.30335648,0.019657690606986
2459690.30341435,0.019177343403089
2459690.30347222,0.020863561536804
2459690.30353009,0.020098527309233
2459690.30358796,0.021140279089927
2459690.30364583,0.022421572201788
2459690.3037037,0.021524300220913
2459690.30376157,0.020513303000736
2459690.30381944,0.019385814401258
2459690.30387731,0.021019134140112
2459690.30394676,0.023128469469466
2459690.30400463,0.020955958579841
2459690.3040625,0.020642429605064
2459690.30412037,0.020955958579841
2459690.30417824,0.019264604849309
2459690.30423611,0.020322600719396
2459690.30429398,0.018677912088882
2459690.30435185,0.020989673651584
2459690.3044213,0.019551250599386
2459690.30447917,0.023461033651568
2459690.30453704,0.019333610630195
2459690.30459491,0.021902992946171
2459690.30466435,0.018218968137631
2459690.30472222,0.021983054837761
2459690.30478009,0.01921588145259
2459690.30483796,0.019897328966472
2459690.30490741,0.020049201979131
2459690.30496528,0.019670495672453
2459690.30502315,0.021734419706999
2459690.30508102,0.019649694654116
2459690.30515046,0.019575995504699
2459690.30520833,0.020862626871993
2459690.3052662,0.02053617539855
2459690.30532407,0.017267090084899
2459690.30539352,0.02032696976925
2459690.30545139,0.01893575718053
2459690.30550926,0.021686385129846
2459690.30556713,0.017605737701102
2459690.30563657,0.019558087841095
2459690.30569444,0.021294379540151
2459690.30575231,0.020731881246042
2459690.30581019,0.021337488137079
2459690.30586806,0.021200787721215
2459690.30592593,0.017920764492621
2459690.3059838,0.021040482408918
2459690.30604167,0.019839682457136
2459690.30611111,0.018621549344778
2459690.30616898,0.019542287481255
2459690.30622685,0.020944404980806
2459690.30628472,0.018057189703827
2459690.30635417,0.020542020348544
2459690.30641204,0.020723428770356
2459690.30646991,0.019246560731726
2459690.30652778,0.020266163919203
2459690.30659722,0.020567044026792
2459690.30665509,0.023107022742015
2459690.30671296,0.019068657530094
2459690.30677083,0.022386176538212
2459690.30684028,0.020127448919324
2459690.30689815,0.022400341515254
2459690.30695602,0.018547789625721
2459690.30701389,0.022410948217334
2459690.30708333,0.020666388170167
2459690.3071412,0.01969362841124
2459690.30719907,0.021386420925438
2459690.30725694,0.020833530665732
2459690.30731481,0.019627330434881
2459690.30737269,0.020225429538084
2459690.30743056,0.019615741127982
2459690.30748843,0.020229409284505
2459690.30755787,0.021028906295859
2459690.30761574,0.019324445658285
2459690.30767361,0.022948082708584
2459690.30773148,0.018848164366856
2459690.30780093,0.019679796746918
2459690.3078588,0.02006197647292
2459690.30791667,0.020085387723417
2459690.30797454,0.019969842262772
2459690.30803241,0.020165406021204
2459690.30809028,0.018381871504284
2459690.30814815,0.019093593166295
2459690.30820602,0.019431500199419
2459690.30827546,0.021271473855848
2459690.30833333,0.018726732229623
2459690.3083912,0.019112956338568
2459690.30844907,0.02256448093797
2459690.30851852,0.019502843382441
2459690.30857639,0.021821631469714
2459690.30863426,0.020921675363125
2459690.30869213,0.021062898660916
2459690.30875,0.01918467096408
2459690.30880787,0.019888423768615
2459690.30886574,0.021002202265477
2459690.30892361,0.019533545505105
2459690.30898148,0.019833459103243
2459690.30905093,0.021084527502413
2459690.30909722,0.021736687880172
2459690.30915509,0.022712421711478
2459690.30922454,0.020120464706363
2459690.30928241,0.019680193088484
2459690.30934028,0.019376774757426
2459690.30939815,0.019249729868235
2459690.30945602,0.021758072065328
2459690.30951389,0.022347165368342
2459690.30957176,0.019280531631675
2459690.30962963,0.020614349371251
2459690.3096875,0.02034628713058
2459690.30974537,0.021079411756498
2459690.30980324,0.020150178659258
2459690.30986111,0.019843396886622
2459690.30993056,0.017553466894036
2459690.30998843,0.022629549266391
2459690.3100463,0.018942534149369
2459690.31010417,0.019399051523206
2459690.31016204,0.017895094299835
2459690.31021991,0.022931319194499
2459690.31027778,0.020656042699414
2459690.31033565,0.018515768955137
2459690.31039352,0.020454028942974
2459690.31045139,0.019444881074463
2459690.31050926,0.019591245493842
2459690.31056713,0.021155947154406
2459690.31063657,0.018829383951686
2459690.31069444,0.022689312462038
2459690.31075232,0.019695288776761
2459690.31081018,0.019143366997475
2459690.31087963,0.019773702233017
2459690.3109375,0.01859277816788
2459690.31099537,0.020177888888583
2459690.31105324,0.020404462747154
2459690.31111111,0.021424310957415
2459690.31116898,0.018408584953766
2459690.31122685,0.020480256346052
2459690.31128472,0.020366376702791
2459690.31135417,0.018686061650332
2459690.31141204,0.023644834531035
2459690.31146991,0.019444881074463
2459690.31152778,0.021239675138759
2459690.31159722,0.021564234278082
2459690.31165509,0.022905852963817
2459690.31171296,0.019037846516873
2459690.31177083,0.021181029247891
2459690.31184028,0.021688162669991
2459690.31189815,0.020079287835977
2459690.31195602,0.020752373358245
2459690.31201389,0.019827281709806
2459690.31207176,0.020810492545829
2459690.31212963,0.020170220623484
2459690.31219907,0.018920288052776
2459690.31224537,0.020668323589493
2459690.31231481,0.021466590320775
2459690.31237269,0.02046946017852
2459690.31243056,0.020908562839182
2459690.31248843,0.020124127310271
2459690.31255787,0.020043505182478
2459690.31261574,0.021137670164898
2459690.31267361,0.01872933794879
2459690.31273148,0.020127448919324
2459690.31278935,0.021457064104858
2459690.31284722,0.019153459217593
2459690.31290509,0.022054906483592
2459690.31296296,0.018531233094427
2459690.31302083,0.019367353975182
2459690.3130787,0.022429427099237
2459690.31313657,0.02023324492018
2459690.31319444,0.020918642403368
2459690.31326389,0.019800830790651
2459690.31332176,0.021230115402418
2459690.31337963,0.022578534053388
2459690.3134375,0.019724999366287
2459690.31349537,0.020446870176142
2459690.31355324,0.020064944555119
2459690.31361111,0.019487924466192
2459690.31366898,0.019983082845247
2459690.31372685,0.019648750596412
2459690.31378472,0.023965226892312
2459690.31384259,0.019954563387857
2459690.31390046,0.022058159488044
2459690.31396991,0.019426250281514
2459690.31402778,0.022468382229257
2459690.31408565,0.020597179418552
2459690.31414352,0.020567945935363
2459690.31421296,0.021074572356278
2459690.31427083,0.019984278821113
2459690.3143287,0.02188293170487
2459690.31438657,0.020724724364874
2459690.31444444,0.022185245096685
2459690.31450231,0.021047439274173
2459690.31456019,0.017917388202526
2459690.31461806,0.023467272956183
2459690.3146875,0.020777661081075
2459690.31474537,0.019887908386756
2459690.31480324,0.021649944572677
2459690.31486111,0.020605470147512
2459690.31493056,0.020180525265711
2459690.31498843,0.019389061349122
2459690.3150463,0.020611673876714
2459690.31510417,0.021470409870331
2459690.31517361,0.020631386284009
2459690.31523148,0.019480310572473
2459690.31528935,0.019873696183649
2459690.31534722,0.020798177804798
2459690.31540509,0.019929480675622
2459690.31546296,0.020126017986676
2459690.31552083,0.019945585977855
2459690.3155787,0.02216306161161
2459690.31564815,0.023099629867165
2459690.31570602,0.021408360516396
2459690.31576389,0.018515083040592
2459690.31582176,0.020944101795016
2459690.3158912,0.022733103615653
2459690.31594907,0.022327393488717
2459690.31600694,0.019767407518438
2459690.31606481,0.020266188590853
2459690.31612268,0.021265415584935
2459690.31618056,0.019557814295059
2459690.31623843,0.023515488512893
2459690.3162963,0.019716411945382
2459690.31636574,0.020573852337372
2459690.31642361,0.020863772429741
2459690.31648148,0.022758119430217
2459690.31653935,0.020651789268729
2459690.31659722,0.02145533500088
2459690.31665509,0.018896105418842
2459690.31671296,0.019876790485388
2459690.31677083,0.022137637633677
2459690.31684028,0.019487924466192
2459690.31689815,0.020491856919274
2459690.31695602,0.020433142195952
2459690.31701389,0.018649777478565
2459690.31708333,0.01962203353376
2459690.3171412,0.021957534014547
2459690.31719907,0.021652198502693
2459690.31725694,0.019062591639124
2459690.31731481,0.022301260054087
2459690.31737269,0.0200564054606
2459690.31743056,0.019722400969456
2459690.31748843,0.02073807127001
2459690.31755787,0.02081255630623
2459690.31761574,0.018689221492614
2459690.31767361,0.021366536921083
2459690.31773148,0.021304300035439
2459690.31778935,0.020584428580847
2459690.31784722,0.01897172633157
2459690.31790509,0.024625736537208
2459690.31796296,0.019585864800922
2459690.31803241,0.021075938887746
2459690.31809028,0.019779550045438
2459690.31814815,0.023891297578826
2459690.31820602,0.021050152018454
2459690.31826389,0.021615182164396
2459690.31832176,0.021909030101764
2459690.31837963,0.019998632453245
2459690.3184375,0.021355320180227
2459690.31849537,0.019196723678795
2459690.31855324,0.021842373955228
2459690.31861111,0.018264339571964
2459690.31866898,0.021017763915317
2459690.31873843,0.020061465549655
2459690.3187963,0.021652198502693
2459690.31885417,0.02168075875056
2459690.31891204,0.022309289544941
2459690.31896991,0.018139671992624
2459690.31902778,0.022984014009742
2459690.31908565,0.020833953057449
2459690.31914352,0.019431801254644
2459690.31921296,0.02213358082191
2459690.31927083,0.018864416237986
2459690.3193287,0.021740975139124
2459690.31938657,0.019518475862628
2459690.31945602,0.021831044409281
2459690.31951389,0.02109928908755
2459690.31957176,0.022898480298919
2459690.31962963,0.019326365411013
2459690.31969907,0.019324142930542
2459690.31975694,0.022330803836853
2459690.31981481,0.01908423695095
2459690.31987269,0.019492206134761
2459690.31994213,0.019986648043131
2459690.32,0.020334699407663
2459690.32005787,0.019839682457136
2459690.32011574,0.021862115634128
2459690.32018519,0.022508809386549
2459690.32024306,0.018443887876476
2459690.32030093,0.022101257882754
2459690.3203588,0.019736648651684
2459690.32041667,0.018663196403618
2459690.32047454,0.021574121071321
2459690.32053241,0.020640397282998
2459690.32059028,0.018974683133059
2459690.32065972,0.018942534149369
2459690.32071759,0.021177181115531
2459690.32077546,0.020902212801519
2459690.32083333,0.021862673669979
2459690.32090278,0.01843761644031
2459690.32096065,0.022020672106001
2459690.32101852,0.020235367552876
2459690.32107639,0.021114016671396
2459690.32113426,0.021145864843983
2459690.32119213,0.020057330330829
2459690.32125,0.020672573618203
2459690.32130787,0.021936765942135
2459690.32136574,0.021340461569516
2459690.32142361,0.019867262015688
2459690.32148148,0.021543676566455
2459690.32153935,0.019837764490991
2459690.3216088,0.023447967929013
2459690.32166667,0.019758048992752
2459690.32172454,0.01909637923796
2459690.32178241,0.021529967487203
2459690.32185185,0.023252288059458
2459690.32190972,0.023576959091452
2459690.32196759,0.02063888320622
2459690.32202546,0.02000075498575
2459690.32208333,0.019752812457977
2459690.3221412,0.01973889814554
2459690.32219907,0.020976906349603
2459690.32225694,0.019539790172876
2459690.32232639,0.021140371330703
2459690.32238426,0.019293485947335
2459690.32244213,0.021344256838785
2459690.3225,0.019305825545674
2459690.32256944,0.023121526766198
2459690.32262731,0.018624824831391
2459690.32268519,0.022844798094971
2459690.32274306,0.020861900680427
2459690.32280093,0.019067377900488
2459690.3228588,0.018564121309666
2459690.32291667,0.018405165035935
2459690.32297454,0.020885980944165
2459690.32304398,0.019867262015688
2459690.32310185,0.020930047778254
2459690.32315972,0.019033538819673
2459690.32321759,0.023295334296807
2459690.32328704,0.020886658421107
2459690.32334491,0.019716635108456
2459690.32340278,0.023597317644173
2459690.32346065,0.020127448919324
2459690.32353009,0.02113028158828
2459690.32358796,0.018625138925656
2459690.32364583,0.022098651542572
2459690.3237037,0.020377755028462
2459690.32376157,0.020987186567046
2459690.32381944,0.020541141643054
2459690.32387731,0.019606906946278
2459690.32393518,0.0207038039983
2459690.32400463,0.020862626871993
2459690.3240625,0.023881838287703
2459690.32412037,0.020366256406124
2459690.32417824,0.019561331754254
2459690.32424769,0.02022902370358
2459690.32430556,0.019918777572934
2459690.32436343,0.022209252576348
2459690.3244213,0.018939622488318
2459690.32447917,0.023267644917353
2459690.32453704,0.021289795677742
2459690.32459491,0.020546461982541
2459690.32465278,0.021555927259109
2459690.32472222,0.020189784545656
2459690.32478009,0.021162866062989
2459690.32483796,0.022603203312805
2459690.32489583,0.020145940037635
2459690.32496528,0.019836705875725
2459690.32502315,0.020673233902803
2459690.32508102,0.019869791141328
2459690.32513889,0.01946870822628
2459690.32520833,0.021937233189261
2459690.3252662,0.022250698865429
2459690.32532407,0.022381881064826
2459690.32538194,0.020818417326973
2459690.32543981,0.020498929240329
2459690.32549768,0.019810365973399
2459690.32555556,0.02249245651324
2459690.32561343,0.023040147568972
2459690.3256713,0.018988849359558
2459690.32572917,0.019591794200634
2459690.32578704,0.021390299203144
2459690.32584491,0.020752373358245
2459690.32591435,0.01974969873188
2459690.32597222,0.022511237193899
2459690.32603009,0.021169874822493
2459690.32608796,0.021543857593291
2459690.32615741,0.020239298406813
2459690.32621528,0.021695946626041
2459690.32627315,0.021169690597645
2459690.32633102,0.020552304007094
2459690.32638889,0.021267801955068
2459690.32644676,0.023046839262684
2459690.32650463,0.022260215632379
2459690.3265625,0.019857532575826
2459690.32663194,0.021366263126715
2459690.32668981,0.01929690130565
2459690.32674768,0.019849544075369
2459690.32680556,0.021932872588879
2459690.32686343,0.02023845349823
2459690.3269213,0.019022126589843
2459690.32697917,0.021818812983295
2459690.32703704,0.019484568252851
2459690.32710648,0.020221785282215
2459690.32716435,0.019551675120051
2459690.32722222,0.021670424545911
2459690.32728009,0.019340147362417
2459690.32733796,0.022612096320333
2459690.32739583,0.019456898519548
2459690.3274537,0.023947647066048
2459690.32751157,0.018576603564699
2459690.32756944,0.02107410970836
2459690.32762731,0.01919364738657
2459690.32768519,0.02156328360895
2459690.32774306,0.020672643759326
2459690.3278125,0.021846194176561
2459690.32787037,0.022577258469531
2459690.32792824,0.020515966952596
2459690.32798611,0.020930023889141
2459690.32804398,0.01972457857598
2459690.32810185,0.021575365582071
2459690.32815972,0.020251204902425
2459690.32821759,0.022730226571682
2459690.32828704,0.01833676361848
2459690.32834491,0.020867958692694
2459690.32840278,0.019646193015442
2459690.32846065,0.021668645550657
2459690.32851852,0.021856266835853
2459690.32857639,0.020947317250665
2459690.32863426,0.018867572710871
2459690.32869213,0.021757982443232
2459690.32876157,0.022381881064826
2459690.32881944,0.017877824252408
2459690.32887731,0.023359599739722
2459690.32893518,0.018788182456002
2459690.32899306,0.024158849310346
2459690.32905093,0.02073807127001
2459690.3291088,0.022157754850165
2459690.32916667,0.020657814502023
2459690.32922454,0.019466301651829
2459690.32928241,0.020286934218851
2459690.32934028,0.021118338002788
2459690.32939815,0.021862673669979
2459690.32946759,0.02081654149949
2459690.32952546,0.023477418938205
2459690.32958333,0.018936633808573
2459690.3296412,0.020723146479239
2459690.32969907,0.018408584953766
2459690.32975694,0.022353802808471
2459690.32981482,0.020366759683367
2459690.32987268,0.02334051841755
2459690.32994213,0.020625401814268
2459690.33,0.020439422692434
2459690.33005787,0.0204545300606
2459690.33011574,0.021662181330605
2459690.33017361,0.017733691099148
2459690.33023148,0.023245550111796
2459690.33028935,0.017783402374124
2459690.33034722,0.021424698364271
2459690.33041667,0.021913863192053
2459690.33047454,0.018842104447221
2459690.33053241,0.022330803836853
2459690.33059028,0.019993043790279
2459690.33065972,0.019558087841095
2459690.33071759,0.022350812065784
2459690.33077546,0.021725998250944
2459690.33083333,0.020268211563925
2459690.33090278,0.020084367055001
2459690.33096065,0.020776181073528
2459690.33101852,0.019649694654116
2459690.33107639,0.020778529784371
2459690.33114583,0.018166312228958
2459690.3312037,0.020266790569797
2459690.33126157,0.020127545801712
2459690.33131944,0.019243061087052
2459690.33137731,0.020129292088894
2459690.33143519,0.020928671720871
2459690.33149306,0.02023324492018
2459690.33155093,0.020258432812042
2459690.33162037,0.02182151919551
2459690.33167824,0.021618274676764
2459690.33173611,0.021816777947259
2459690.33179398,0.023848815484212
2459690.33186343,0.022873788492508
2459690.3319213,0.019975144555172
2459690.33197917,0.021909030101764
2459690.33203704,0.020372054388304
2459690.33210648,0.019836705875725
2459690.33216435,0.019168510635936
2459690.33222222,0.021334743963779
2459690.33228009,0.02069505738093
2459690.33234954,0.019461613499399
2459690.33240741,0.019669850024848
2459690.33246528,0.021234137609048
2459690.33252315,0.020790363152192
2459690.33259259,0.019438078608752
2459690.33265046,0.021776501096365
2459690.33270833,0.021591757686673
2459690.3327662,0.021850102974586
2459690.33283565,0.017753878449511
2459690.33289352,0.019538792183756
2459690.33295139,0.020910803427894
2459690.33300926,0.019600882633188
2459690.3330787,0.021473614041423
2459690.33313657,0.020675004232164
2459690.33319444,0.023035359775788
2459690.33325231,0.019401541175896
2459690.33332176,0.020780948005325
2459690.33337963,0.019664167920357
2459690.3334375,0.019392106641621
2459690.33349537,0.021601564758137
2459690.33355324,0.021131897690458
2459690.33361111,0.019768024686346
2459690.33366898,0.021647240008833
2459690.33372685,0.021913863192053
2459690.3337963,0.020921675363125
2459690.33385417,0.022557537542915
2459690.33391204,0.018643811305632
2459690.33396991,0.022445478386526
2459690.33402778,0.01889855814606
2459690.33408565,0.023026714919849
2459690.33414352,0.020020289708194
2459690.33420139,0.020833062664908
2459690.33427083,0.02178918080149
2459690.3343287,0.021715708599997
2459690.33438657,0.020823479536331
2459690.33444444,0.020989673651584
2459690.33451389,0.020094399717334
2459690.33457176,0.021137393406
2459690.33462963,0.020239298406813
2459690.3346875,0.023005766668381
2459690.33474537,0.019767827397061
2459690.33480324,0.020189784545656
2459690.33486111,0.021858410280714
2459690.33491898,0.020182242194563
2459690.33498843,0.020634461466198
2459690.3350463,0.022532449933374
2459690.33510417,0.01946590095526
2459690.33516204,0.02042707516998
2459690.33521991,0.018657207722486
2459690.33527778,0.023167913155915
2459690.33533565,0.020266188590853
2459690.33539352,0.022582856329526
2459690.33546296,0.019175408730976
2459690.33552083,0.020471509470481
2459690.3355787,0.019627878132901
2459690.33563657,0.022694946574072
2459690.33569444,0.023571991854742
2459690.33575231,0.019845314308421
2459690.33581019,0.022695484132312
2459690.33586806,0.019887491043367
2459690.3359375,0.023358533772478
2459690.33599537,0.020794845515175
2459690.33605324,0.02109928908755
2459690.33611111,0.02032696976925
2459690.33616898,0.020031864616156
2459690.33622685,0.020722087250082
2459690.33628472,0.020349164602018
2459690.33634259,0.020245614339901
2459690.33641204,0.020138065944872
2459690.33646991,0.019835475794646
2459690.33652778,0.019550202044992
2459690.33658565,0.020821815482806
2459690.33664352,0.019600882633188
2459690.33670139,0.020150880874046
2459690.33675926,0.023602569775344
2459690.33681713,0.020787616505987
2459690.336875,0.022297977486759
2459690.33693287,0.020726490296237
2459690.33699074,0.021978903521332
2459690.33704861,0.022220587300969
2459690.33710648,0.021493694424179
2459690.33716435,0.021168837946378
2459690.33722222,0.019709703194112
2459690.33728009,0.021021153631521
2459690.33733796,0.018136846473409
2459690.33739583,0.021645436008545
2459690.3374537,0.020668749357424
2459690.33751157,0.022006439966519
2459690.33756944,0.021227126513026
2459690.33762732,0.020278826396022
2459690.33768518,0.020351874606532
2459690.33774306,0.019682177216965
2459690.33780093,0.020600021844649
2459690.3378588,0.018522119209205
2459690.33791667,0.019887908386756
2459690.33797454,0.022273890544761
2459690.33803241,0.022773831473865
2459690.33809028,0.021668082517842
2459690.33814815,0.018982731626402
2459690.33820602,0.022273890544761
2459690.33826389,0.017842659555122
2459690.33832176,0.020919249508527
2459690.33837963,0.020819097002512
2459690.3384375,0.019292550375728
2459690.33849537,0.022363275699235
2459690.33855324,0.020338898691916
2459690.33861111,0.022037198097762
2459690.33866898,0.021493694424179
2459690.33872685,0.023867611945899
2459690.33878472,0.022655950653195
2459690.33884259,0.020114400314203
2459690.33890046,0.020025358923126
2459690.33895833,0.019718392429405
2459690.3390162,0.021221585708896
2459690.33907407,0.020395707881807
2459690.33913194,0.020794845515175
2459690.33918981,0.021809596511628
2459690.33924769,0.020225429538084
2459690.33930556,0.020395707881807
2459690.33936343,0.020602817768451
2459690.3394213,0.023644834531035
2459690.33947917,0.018663091919615
2459690.33953704,0.020829243865297
2459690.33959491,0.020824862544564
2459690.33965278,0.020803761679081
2459690.33971065,0.023054587396004
2459690.33976852,0.020641366233852
2459690.33982639,0.023283831299853
2459690.33988426,0.019643708916597
2459690.33994213,0.02306897700376
2459690.34,0.019837764490991
2459690.34005787,0.02197093079503
2459690.34011574,0.020938579225917
2459690.34017361,0.019987038299858
2459690.34023148,0.021146141492008
2459690.34028935,0.020169325720014
2459690.34034722,0.023239944061895
2459690.34040509,0.020230832904258
2459690.34046296,0.021943372575792
2459690.34052083,0.02082319860156
2459690.3405787,0.020931796387315
2459690.34063657,0.022319590049999
2459690.34069444,0.020483234607845
2459690.34075231,0.023052301403548
2459690.34081019,0.019785742341393
2459690.34086806,0.024054920494568
2459690.34092593,0.019056497579566
2459690.3409838,0.020152890611523
2459690.34104167,0.022235341238668
2459690.34109954,0.020907185367715
2459690.34115741,0.021813445394985
2459690.34121528,0.021290253638696
2459690.34127315,0.022351073799708
2459690.34133102,0.019557814295059
2459690.34138889,0.020987186567046
2459690.34144676,0.020870577375818
2459690.34150463,0.020879343859422
2459690.3415625,0.022729131087659
2459690.34162037,0.01946870822628
2459690.34167824,0.021645436008545
2459690.34173611,0.021461043777039
2459690.34179398,0.023485648809433
2459690.34185185,0.01962203353376
2459690.34190972,0.019810365973399
2459690.34196759,0.023325083065233
2459690.34202546,0.019816326602072
2459690.34208333,0.020330090998321
2459690.3421412,0.021214961701592
2459690.34219907,0.020555391020363
2459690.34225694,0.021390299203144
2459690.34231481,0.0219364103718
2459690.34237268,0.022772781999571
2459690.34243056,0.019582101521543
2459690.34248843,0.022713495988069
2459690.3425463,0.021255269934772
2459690.34260417,0.02063888320622
2459690.34266204,0.019476852928541
2459690.34271991,0.019842560318669
2459690.34277778,0.023515488512893
2459690.34283565,0.019143265134245
2459690.34289352,0.022328334017566
2459690.34295139,0.021081055476423
2459690.34300926,0.022768280567491
2459690.34306713,0.019068248477508
2459690.343125,0.018588630933988
2459690.34318287,0.020591539524766
2459690.34324074,0.019768024686346
2459690.34329861,0.02053220640847
2459690.34335648,0.020020484509622
2459690.34341435,0.02203
2459690.34347222,0.019847307122126
2459690.34353009,0.019754343826106
2459690.34358796,0.019275064202228
2459690.34364583,0.019280759839799
2459690.3437037,0.022309267132741
2459690.34376157,0.018914380772312
2459690.34381944,0.019655803214318
2459690.34387731,0.018156558043859
2459690.34393518,0.019893649740558
2459690.34399306,0.01890501256281
2459690.34405093,0.021436016420968
2459690.3441088,0.020714125615145
2459690.34416667,0.020683287939784
2459690.34422454,0.022536694522489
2459690.34428241,0.019404558742729
2459690.34434028,0.022571140866159
2459690.34439815,0.019550202044992
2459690.34445602,0.018166312228958
2459690.34451389,0.019655505590038
2459690.34457176,0.01945366289417
2459690.34462963,0.023515571436816
2459690.3446875,0.01980676904495
2459690.34474537,0.021816599185024
2459690.34480324,0.020762177149808
2459690.34486111,0.022626853515237
2459690.34491898,0.021618274676764
2459690.34497685,0.019664167920357
2459690.34503472,0.020204281724427
2459690.34509259,0.019062591639124
2459690.34515046,0.022616951607146
2459690.34520833,0.019200638010233
2459690.3452662,0.021943639169472
2459690.34532407,0.02339533714226
2459690.34538194,0.022833302433069
2459690.34543982,0.020866111281214
2459690.34549768,0.020187077549759
2459690.34555556,0.021939546485741
2459690.34561343,0.020017462376635
2459690.3456713,0.020553301437969
2459690.34572917,0.017292648727133
2459690.34578704,0.020500119511847
2459690.34584491,0.021978903521332
2459690.34590278,0.020746587671229
2459690.34596065,0.020120464706363
2459690.34601852,0.020286332837652
2459690.34607639,0.021390140251995
2459690.34613426,0.020142378211125
2459690.34619213,0.020828072402409
2459690.34625,0.019801224709598
2459690.34630787,0.020025358923126
2459690.34636574,0.022382906424323
2459690.34642361,0.01927453241975
2459690.34648148,0.019395679931366
2459690.34653935,0.021786560077259
2459690.34659722,0.022917737671943
2459690.34665509,0.021527723985596
2459690.34671296,0.018569798060291
2459690.34677083,0.022978705359528
2459690.3468287,0.019686193131228
2459690.34688657,0.021637273395694
2459690.34694444,0.019600186223605
2459690.34700231,0.021251091736662
2459690.34706019,0.020244987033831
2459690.34711806,0.020878690093011
2459690.34717593,0.020794845515175
2459690.3472338,0.020681424032208
2459690.34729167,0.022912520594644
2459690.34734954,0.021209233838119
2459690.34740741,0.020031767271012
2459690.34746528,0.021477590646998
2459690.34752315,0.021017763915317
2459690.34758102,0.023341563786516
2459690.34763889,0.019749329102529
2459690.34769676,0.020833929058149
2459690.34775463,0.018544185072416
2459690.3478125,0.020787616505987
2459690.34787037,0.019233980347292
2459690.34792824,0.02153148624689
2459690.34798611,0.021484405972705
2459690.34804398,0.019440915616298
2459690.34810185,0.020483234607845
2459690.34815972,0.018412137301248
2459690.34821759,0.02219322869706
2459690.34827546,0.018782025982306
2459690.34833333,0.020567945935363
2459690.3483912,0.021242455131175
2459690.34844907,0.019887491043367
2459690.34850694,0.020085581893488
2459690.34856481,0.018544815987224
2459690.34862268,0.021919719432511
2459690.34868056,0.019440915616298
2459690.34873843,0.021788799875165
2459690.3487963,0.019246560731726
2459690.34885417,0.020640397282998
2459690.34891204,0.021675963646399
2459690.34896991,0.020535795577479
2459690.34902778,0.021282436420673
2459690.34908565,0.018218298493548
2459690.34914352,0.021891872921246
2459690.34920139,0.019162705967582
2459690.34925926,0.020964200437889
2459690.34931713,0.02199397417476
2459690.349375,0.019134035120695
2459690.34943287,0.022313926144899
2459690.34949074,0.01797446522153
2459690.34954861,0.021326164680974
2459690.34960648,0.021115056239565
2459690.34966435,0.02312019679847
2459690.34972222,0.021441387548384
2459690.34978009,0.019224362148066
2459690.34983796,0.020541141643054
2459690.34989583,0.018069590476821
2459690.3499537,0.020025773393305
2459690.35001157,0.020056186078116
2459690.35006944,0.020427386029544
2459690.35012731,0.020408863270648
2459690.35018518,0.022293140200519
2459690.35024306,0.021997502130924
2459690.35030093,0.020250916028664
2459690.3503588,0.021697430723475
2459690.35041667,0.020029330992322
2459690.35047454,0.021524685828137
2459690.35053241,0.01909423211339
2459690.35059028,0.019628573559992
2459690.35064815,0.023565241352467
2459690.35070602,0.018990005265929
2459690.35076389,0.020822002785515
2459690.35082176,0.020288449916147
2459690.35087963,0.019947004787687
2459690.3509375,0.020489690090385
2459690.35099537,0.020033886292979
2459690.35105324,0.021793726161444
2459690.35111111,0.019068657530094
2459690.35116898,0.021193881192458
2459690.35122685,0.020567945935363
2459690.35128472,0.021835313141789
2459690.35134259,0.021600208332329
2459690.35140046,0.020303765660586
2459690.35145833,0.023136127593009
2459690.3515162,0.018701489245512
2459690.35157407,0.02187153401113
2459690.35163194,0.018968175979783
2459690.35168981,0.022626939695858
2459690.35174768,0.020245397007715
2459690.35180556,0.020823479536331
2459690.35186343,0.023695180944656
2459690.3519213,0.020614349371251
2459690.35197917,0.022307648912425
2459690.35203704,0.021036515871218
2459690.35209491,0.020861737703269
2459690.35215278,0.019052886920359
2459690.35221065,0.019266530564687
2459690.35226852,0.019947004787687
2459690.35232639,0.01898905474214
2459690.35238426,0.019033538819673
2459690.35244213,0.018598473055603
2459690.3525,0.021902524968597
2459690.35255787,0.018139429428734
2459690.35261574,0.020427386029544
2459690.35267361,0.019134212813701
2459690.35273148,0.022179305669926
2459690.35278935,0.020818486976723
2459690.35284722,0.019324445658285
2459690.35290509,0.021911925976509
2459690.35296296,0.017988143317197
2459690.35302083,0.022110065581088
2459690.3530787,0.020352066234169
2459690.35313657,0.021225609531884
2459690.35319444,0.021327308784748
2459690.35325231,0.020338898691916
2459690.35331018,0.02042091085138
2459690.35336806,0.019293714002234
2459690.35342593,0.022386176538212
2459690.3534838,0.020138065944872
2459690.35354167,0.021725998250944
2459690.35359954,0.020180815147065
2459690.35365741,0.019533545505105
2459690.35371528,0.022525345724317
2459690.35377315,0.018942431206157
2459690.35383102,0.021652311654879
2459690.35388889,0.022565367269336
2459690.35394676,0.021909030101764
2459690.35400463,0.020614349371251
2459690.3540625,0.020649331708315
2459690.35412037,0.02001409753149
2459690.35417824,0.018717374281667
2459690.35423611,0.020454028942974
2459690.35429398,0.020672643759326
2459690.35435185,0.020956819892341
2459690.35440972,0.022727714359346
2459690.35446759,0.020824862544564
2459690.35452546,0.021103705835706
2459690.35458333,0.019633321165814
2459690.3546412,0.02144425564108
2459690.35469907,0.017533077311185
2459690.35475694,0.02085918742425
2459690.35481481,0.018778128234731
2459690.35487269,0.020260143138685
2459690.35493056,0.021963733744516
2459690.35498843,0.020421794730141
2459690.3550463,0.020138962237414
2459690.35510417,0.019916914921744
2459690.35516204,0.021888417028191
2459690.35521991,0.022840503497077
2459690.35527778,0.020724536182989
2459690.35533565,0.020478684039752
2459690.35539352,0.019855591152116
2459690.35545139,0.021675963646399
2459690.35550926,0.018784285985898
2459690.35556713,0.022466753214472
2459690.355625,0.02199386278033
2459690.35568287,0.01893575718053
2459690.35574074,0.021194848430692
2459690.35579861,0.019428435346162
2459690.35585648,0.022852977924113
2459690.35591435,0.020431566263995
2459690.35597222,0.02152969577119
2459690.35603009,0.018873804597908
2459690.35608796,0.022099314469006
2459690.35614583,0.022023818924065
2459690.3562037,0.01901804669255
2459690.35626157,0.021500867424362
2459690.35631944,0.018751783915137
2459690.35637731,0.022331612122729
2459690.35643518,0.01890836851767
2459690.35649306,0.021627325308507
2459690.35655093,0.020268211563925
2459690.3566088,0.022031461594729
2459690.35666667,0.021033245113391
2459690.35672454,0.017080257609299
2459690.35678241,0.02250141551103
2459690.35684028,0.018489499722816
2459690.35689815,0.020158434959094
2459690.35695602,0.019392106641621
2459690.35701389,0.022117524725882
2459690.35707176,0.020151486297542
2459690.35712963,0.019679796746918
2459690.3571875,0.021543857593291
2459690.35724537,0.019591245493842
2459690.35730324,0.023312610321455
2459690.35736111,0.018405165035935
2459690.35741898,0.020947317250665
2459690.35747685,0.021862673669979
2459690.35753472,0.022453456304097
2459690.35759259,0.021688162669991
2459690.35765046,0.01889855814606
2459690.35770833,0.021272414061408
2459690.3577662,0.019063231625304
2459690.35782407,0.021760225182658
2459690.35788194,0.020366376702791
2459690.35793981,0.019815932983334
2459690.35799768,0.020404653880917
2459690.35805556,0.022020672106001
2459690.35811343,0.022640759704568
2459690.3581713,0.022031461594729
2459690.35822917,0.022293140200519
2459690.35828704,0.019600783147619
2459690.35834491,0.018781142137794
2459690.35840278,0.018053135461742
2459690.35846065,0.019106572167712
2459690.35851852,0.021768722975866
2459690.35857639,0.020020264733514
2459690.35863426,0.021386032825188
2459690.35869213,0.022023818924065
2459690.35875,0.021351206054928
2459690.35880787,0.021144318385798
2459690.35886574,0.019096250940957
2459690.35892361,0.020366256406124
2459690.35898148,0.01899953683646
2459690.35903935,0.02107410970836
2459690.35909722,0.019233954351615
2459690.35915509,0.018778309295568
2459690.35921296,0.021804203723136
2459690.35927083,0.019604841238837
2459690.3593287,0.02111778397465
2459690.35938657,0.019249831168091
2459690.35944444,0.020631505034776
2459690.35950231,0.02072531302538
2459690.35956018,0.019641323784308
2459690.35961806,0.019657690606986
2459690.35967593,0.019420095262382
2459690.3597338,0.02216306161161
2459690.35979167,0.018930190173371
2459690.35984954,0.020714125615145
2459690.35990741,0.020720603273071
2459690.35996528,0.022020783364813
2459690.36002315,0.021337305359394
2459690.36008102,0.019900786416622
2459690.36013889,0.022425728527743
2459690.36019676,0.019667915497073
2459690.36025463,0.021686385129846
2459690.3603125,0.01922730610356
2459690.36037037,0.023035974040618
2459690.36042824,0.020576532749713
2459690.36048611,0.021242455131175
2459690.36054398,0.020794845515175
2459690.36060185,0.018470221980258
2459690.36065972,0.02312019679847
2459690.36071759,0.018873701279823
2459690.36077546,0.022729410463098
2459690.36083333,0.018800308508107
2459690.3608912,0.020769439087274
2459690.36094907,0.020692322247636
2459690.36100694,0.019857532575826
2459690.36106481,0.022075010758774
2459690.36112268,0.019052886920359
2459690.36118056,0.022675866025358
2459690.36123843,0.018688673040106
2459690.3612963,0.021634927778941
2459690.36135417,0.020850623491877
2459690.36141204,0.020686519765297
2459690.36146991,0.020266790569797
2459690.36152778,0.018424616685294
2459690.36158565,0.022333884570312
2459690.36164352,0.019960676341247
2459690.36170139,0.020212444186689
2459690.36175926,0.019546058426189
2459690.36181713,0.022379700623556
2459690.361875,0.021787567555833
2459690.36193287,0.020418998506293
2459690.36199074,0.020930047778254
2459690.36204861,0.020489094660331
2459690.36210648,0.021720651463527
2459690.36216435,0.019917650463847
2459690.36222222,0.020433428493525
2459690.36228009,0.019978100510309
2459690.36233796,0.020400181371743
2459690.36239583,0.022366003219172
2459690.3624537,0.021272414061408
2459690.36251157,0.02126773377678
2459690.36256944,0.019246560731726
2459690.36262731,0.020269077433371
2459690.36268519,0.019121916744929
2459690.36274306,0.020474584244863
2459690.36280093,0.023202200326693
2459690.3628588,0.018949179401758
2459690.36291667,0.02105731464361
2459690.36297454,0.022686967624608
2459690.36303241,0.022752672370515
2459690.36309028,0.022465037280183
2459690.36314815,0.019974924280207
2459690.36320602,0.022307648912425
2459690.36326389,0.019813470165521
2459690.36332176,0.022525800762681
2459690.36337963,0.020731881246042
2459690.3634375,0.022092489674095
2459690.36349537,0.019800830790651
2459690.36355324,0.020007171214342
2459690.36361111,0.023000378257759
2459690.36366898,0.020520414225839
2459690.36372685,0.023161593209449
2459690.36378472,0.018679427186078
2459690.36384259,0.02158092908102
2459690.36390046,0.020885980944165
2459690.36395833,0.019211665726844
2459690.3640162,0.020468053156077
2459690.36407407,0.018073289683951
2459690.36413194,0.021928711772469
2459690.36418981,0.019112956338568
2459690.36424769,0.018527941062083
2459690.36430556,0.021129034525979
2459690.36436343,0.021166416796426
2459690.3644213,0.022018367332752
2459690.36447917,0.018778543607
2459690.36453704,0.020353169286379
2459690.36459491,0.019585839272291
2459690.36465278,0.020182242194563
2459690.36471065,0.021315567081361
2459690.36476852,0.021276221469049
2459690.36482639,0.021137393406
2459690.36488426,0.020431040110577
2459690.36494213,0.022843088670318
2459690.365,0.019667618056084
2459690.36505787,0.02199397417476
2459690.36511574,0.020573852337372
2459690.36517361,0.021736687880172
2459690.36523148,0.020834889008584
2459690.36528935,0.019422281019489
2459690.36534722,0.020538052488004
