JD	humidity		sunlit
2459690.36534722	46.64		True
2459690.36528935	46.65		True
2459690.36523148	46.61		True
2459690.36517361	46.39		True
2459690.36511574	46.55		True
2459690.36505787	46.56		True
2459690.36494213	46.76		True
2459690.36488426	46.64		True
2459690.36482639	46.77		True
2459690.36476852	46.83		True
2459690.36471065	46.71		True
2459690.36465278	46.53		True
2459690.36459491	46.52		True
2459690.36453704	46.67		True
2459690.36447917	46.59		True
2459690.3644213	46.57		True
2459690.36436343	46.42		True
2459690.36430556	46.7		True
2459690.36424769	46.68		True
2459690.36418981	46.62		True
2459690.36413194	46.3		True
2459690.36407407	46.74		True
2459690.3640162	46.49		True
2459690.36395833	46.53		True
2459690.36390046	46.68		True
2459690.36384259	46.4		True
2459690.36378472	46.47		True
2459690.36372685	46.69		True
2459690.36366898	46.65		False
2459690.36361111	46.7		False
2459690.36355324	46.42		False
2459690.36349537	46.73		False
2459690.3634375	46.49		False
2459690.36337963	46.59		False
2459690.36332176	46.69		False
2459690.36326389	46.39		False
2459690.36320602	46.74		False
2459690.36314815	46.58		False
2459690.36309028	46.69		False
2459690.36303241	46.54		False
2459690.36297454	46.53		False
2459690.36291667	46.52		False
2459690.3628588	46.55		False
2459690.36280093	46.73		False
2459690.36274306	46.91		False
2459690.36268519	46.73		False
2459690.36262731	46.8		False
2459690.36256944	46.81		False
2459690.36251157	46.47		False
2459690.3624537	46.45		False
2459690.36239583	46.65		False
2459690.36233796	46.68		False
2459690.36228009	46.42		False
2459690.36222222	46.43		False
2459690.36216435	46.41		False
2459690.36210648	46.5		False
2459690.36204861	46.61		False
2459690.36199074	46.68		False
2459690.36193287	46.63		False
2459690.361875	46.59		False
2459690.36181713	46.78		False
2459690.36175926	46.96		False
2459690.36170139	46.84		False
2459690.36164352	46.68		False
2459690.36158565	46.67		False
2459690.36152778	46.51		False
2459690.36146991	46.58		False
2459690.36141204	46.95		False
2459690.36135417	46.78		False
2459690.3612963	46.48		False
2459690.36123843	46.61		False
2459690.36118056	46.87		False
2459690.36112268	46.49		False
2459690.36106481	46.6		False
2459690.36100694	46.47		False
2459690.36094907	46.79		False
2459690.3608912	46.51		False
2459690.36083333	46.41		False
2459690.36077546	46.62		False
2459690.36071759	46.5		False
2459690.36065972	46.69		False
2459690.36060185	46.68		False
2459690.36054398	46.83		False
2459690.36048611	46.75		False
2459690.36042824	46.7		False
2459690.36037037	46.55		False
2459690.3603125	46.69		False
2459690.36025463	46.71		False
2459690.36019676	46.61		False
2459690.36013889	46.73		False
2459690.36008102	46.42		False
2459690.36002315	46.62		False
2459690.35996528	46.68		False
2459690.35990741	46.42		False
2459690.35984954	46.39		False
2459690.35979167	46.7		False
2459690.3597338	46.72		False
2459690.35967593	46.44		False
2459690.35961806	46.71		False
2459690.35956018	46.66		False
2459690.35950231	46.59		False
2459690.35944444	46.8		False
2459690.35938657	46.79		False
2459690.3593287	46.59		False
2459690.35927083	46.66		False
2459690.35921296	46.37		False
2459690.35915509	46.68		False
2459690.35909722	46.51		False
2459690.35903935	46.53		False
2459690.35898148	46.65		False
2459690.35892361	46.54		False
2459690.35886574	46.67		False
2459690.35880787	46.58		False
2459690.35875	46.57		False
2459690.35869213	46.78		False
2459690.35863426	46.51		False
2459690.35857639	46.61		False
2459690.35851852	46.47		False
2459690.35846065	46.83		False
2459690.35840278	46.58		False
2459690.35834491	46.62		False
2459690.35828704	46.6		False
2459690.35822917	46.75		False
2459690.3581713	46.56		False
2459690.35811343	46.53		False
2459690.35805556	46.47		False
2459690.35799768	46.54		False
2459690.35793981	46.42		False
2459690.35788194	46.32		False
2459690.35782407	46.48		False
2459690.3577662	46.81		False
2459690.35770833	46.62		False
2459690.35765046	46.77		False
2459690.35759259	46.45		False
2459690.35753472	46.65		False
2459690.35747685	46.72		False
2459690.35741898	46.52		False
2459690.35736111	46.58		False
2459690.35730324	46.59		False
2459690.35724537	46.52		False
2459690.3571875	46.32		False
2459690.35712963	46.51		False
2459690.35707176	46.53		False
2459690.35701389	46.55		False
2459690.35695602	46.38		False
2459690.35689815	46.39		False
2459690.35684028	46.58		False
2459690.35678241	46.49		False
2459690.35672454	46.56		False
2459690.35666667	47.79		False
2459690.3566088	46.53		False
2459690.35655093	46.53		False
2459690.35649306	46.57		False
2459690.35643518	46.59		False
2459690.35637731	46.44		False
2459690.35631944	46.46		False
2459690.35626157	46.51		False
2459690.3562037	46.58		False
2459690.35614583	46.49		False
2459690.35608796	46.46		False
2459690.35603009	46.87		False
2459690.35597222	46.63		False
2459690.35591435	46.59		False
2459690.35585648	46.52		False
2459690.35579861	46.48		False
2459690.35574074	46.65		False
2459690.35568287	46.74		False
2459690.355625	46.42		False
2459690.35556713	46.43		False
2459690.35550926	46.6		False
2459690.35545139	46.42		False
2459690.35539352	46.45		False
2459690.35533565	46.46		False
2459690.35527778	46.52		False
2459690.35521991	46.53		False
2459690.35516204	46.59		False
2459690.35510417	46.57		False
2459690.3550463	46.51		False
2459690.35498843	46.45		False
2459690.35493056	46.6		False
2459690.35487269	46.27		False
2459690.35481481	46.31		False
2459690.35475694	46.42		False
2459690.35469907	46.6		False
2459690.3546412	46.6		False
2459690.35458333	46.48		False
2459690.35452546	46.67		False
2459690.35446759	46.6		False
2459690.35440972	46.57		False
2459690.35435185	46.26		False
2459690.35429398	46.36		False
2459690.35423611	46.22		False
2459690.35417824	46.65		False
2459690.35412037	46.59		False
2459690.3540625	46.63		False
2459690.35400463	46.62		False
2459690.35394676	46.65		False
2459690.35388889	46.5		False
2459690.35383102	46.67		False
2459690.35377315	46.55		False
2459690.35371528	46.4		False
2459690.35365741	46.55		False
2459690.35359954	46.75		False
2459690.35354167	46.62		False
2459690.3534838	46.42		False
2459690.35342593	46.66		False
2459690.35336806	46.76		False
2459690.35331018	46.65		False
2459690.35325231	46.79		False
2459690.35319444	46.25		False
2459690.35313657	46.42		False
2459690.3530787	46.65		False
2459690.35302083	46.5		False
2459690.35296296	46.46		False
2459690.35290509	46.69		False
2459690.35284722	46.73		False
2459690.35278935	46.52		False
2459690.35273148	46.45		False
2459690.35267361	46.35		False
2459690.35261574	46.47		False
2459690.35255787	46.49		False
2459690.3525	46.59		False
2459690.35244213	46.38		False
2459690.35238426	46.57		False
2459690.35232639	46.57		False
2459690.35226852	46.8		False
2459690.35221065	46.2		False
2459690.35215278	46.67		False
2459690.35209491	46.65		False
2459690.35203704	46.48		False
2459690.35197917	46.47		False
2459690.3519213	46.48		False
2459690.35186343	46.48		False
2459690.35180556	46.59		False
2459690.35174768	46.34		False
2459690.35168981	46.46		False
2459690.35163194	46.72		False
2459690.35157407	46.54		False
2459690.3515162	46.7		False
2459690.35145833	46.45		False
2459690.35140046	46.47		False
2459690.35134259	46.34		False
2459690.35128472	46.42		False
2459690.35122685	46.42		False
2459690.35116898	46.57		False
2459690.35111111	46.44		False
2459690.35105324	46.35		False
2459690.35099537	46.4		False
2459690.3509375	46.45		False
2459690.35087963	46.36		False
2459690.35082176	46.63		False
2459690.35076389	46.44		False
2459690.35070602	46.46		False
2459690.35064815	46.47		False
2459690.35059028	46.36		False
2459690.35053241	46.41		False
2459690.35047454	46.48		False
2459690.35041667	46.48		False
2459690.3503588	46.38		False
2459690.35030093	46.7		False
2459690.35024306	46.77		False
2459690.35018518	46.44		False
2459690.35012731	46.51		False
2459690.35006944	46.24		False
2459690.35001157	46.4		False
2459690.3499537	46.28		False
2459690.34989583	46.5		False
2459690.34983796	46.57		False
2459690.34978009	46.6		False
2459690.34972222	46.36		False
2459690.34966435	46.68		False
2459690.34960648	46.27		False
2459690.34954861	46.57		False
2459690.34949074	46.55		False
2459690.34943287	46.23		False
2459690.349375	46.42		False
2459690.34931713	46.78		False
2459690.34925926	46.53		False
2459690.34920139	46.51		False
2459690.34914352	46.39		False
2459690.34908565	46.51		False
2459690.34902778	46.5		False
2459690.34896991	46.3		False
2459690.34891204	46.56		False
2459690.34885417	46.72		False
2459690.3487963	46.39		False
2459690.34873843	46.54		False
2459690.34868056	46.58		False
2459690.34862268	46.4		False
2459690.34856481	46.57		False
2459690.34850694	46.51		False
2459690.34844907	46.31		False
2459690.3483912	46.29		False
2459690.34833333	46.28		False
2459690.34827546	46.45		False
2459690.34821759	46.21		False
2459690.34815972	46.39		False
2459690.34810185	46.49		False
2459690.34804398	46.59		False
2459690.34798611	46.53		False
2459690.34792824	46.43		False
2459690.34787037	46.45		False
2459690.3478125	46.37		False
2459690.34775463	46.3		False
2459690.34769676	46.5		False
2459690.34763889	46.33		False
2459690.34758102	46.21		False
2459690.34752315	46.42		False
2459690.34746528	46.29		False
2459690.34740741	46.49		False
2459690.34734954	46.46		False
2459690.34729167	46.6		False
2459690.3472338	46.46		False
2459690.34717593	46.63		False
2459690.34711806	46.24		False
2459690.34706019	46.29		False
2459690.34700231	46.43		False
2459690.34694444	46.23		False
2459690.34688657	46.41		False
2459690.3468287	46.62		False
2459690.34677083	46.47		False
2459690.34671296	46.4		False
2459690.34665509	46.72		False
2459690.34659722	47.29		False
2459690.34653935	46.67		False
2459690.34648148	46.36		False
2459690.34642361	46.42		False
2459690.34636574	46.39		False
2459690.34630787	46.23		False
2459690.34625	46.56		False
2459690.34619213	46.36		False
2459690.34613426	46.42		False
2459690.34607639	46.6		False
2459690.34601852	46.61		False
2459690.34596065	46.51		False
2459690.34590278	46.56		False
2459690.34584491	46.74		False
2459690.34578704	46.47		False
2459690.34572917	46.65		False
2459690.3456713	46.34		False
2459690.34561343	46.65		False
2459690.34555556	46.45		False
2459690.34549768	46.31		False
2459690.34543982	46.23		False
2459690.34538194	46.32		False
2459690.34532407	46.59		False
2459690.3452662	46.57		False
2459690.34520833	46.6		False
2459690.34515046	46.48		False
2459690.34509259	46.49		False
2459690.34503472	46.39		False
2459690.34497685	46.38		False
2459690.34491898	46.23		False
2459690.34486111	46.52		False
2459690.34480324	46.39		False
2459690.34474537	46.63		False
2459690.3446875	46.53		False
2459690.34462963	46.42		False
2459690.34457176	46.42		False
2459690.34451389	46.53		False
2459690.34445602	46.64		False
2459690.34439815	46.7		False
2459690.34434028	46.26		False
2459690.34428241	46.48		False
2459690.34422454	46.31		False
2459690.34416667	46.69		False
2459690.3441088	46.73		False
2459690.34405093	46.51		False
2459690.34399306	46.51		False
2459690.34393518	46.5		False
2459690.34387731	46.56		False
2459690.34381944	46.46		False
2459690.34376157	46.61		False
2459690.3437037	46.47		False
2459690.34364583	46.59		False
2459690.34358796	46.42		False
2459690.34353009	46.57		False
2459690.34347222	46.39		False
2459690.34341435	46.48		False
2459690.34335648	46.42		False
2459690.34329861	46.2		False
2459690.34324074	46.46		False
2459690.34318287	46.03		False
2459690.343125	46.24		False
2459690.34306713	46.58		False
2459690.34300926	46.6		False
2459690.34295139	46.27		False
2459690.34289352	46.59		False
2459690.34283565	46.44		False
2459690.34277778	46.25		False
2459690.34271991	46.12		False
2459690.34266204	46.21		False
2459690.34260417	46.36		False
2459690.3425463	46.4		False
2459690.34248843	46.47		False
2459690.34243056	46.37		False
2459690.34237268	46.49		False
2459690.34231481	46.41		False
2459690.34225694	46.5		False
2459690.34219907	46.3		False
2459690.3421412	46.74		False
2459690.34208333	46.09		False
2459690.34202546	46.81		False
2459690.34196759	46.35		False
2459690.34190972	46.41		False
2459690.34185185	46.31		False
2459690.34179398	46.63		False
2459690.34173611	46.66		False
2459690.34167824	46.62		False
2459690.34162037	46.62		False
2459690.3415625	46.4		False
2459690.34150463	46.3		False
2459690.34144676	46.36		False
2459690.34138889	46.42		False
2459690.34133102	46.59		False
2459690.34127315	46.38		False
2459690.34121528	46.45		False
2459690.34115741	46.26		False
2459690.34109954	46.6		False
2459690.34104167	46.36		False
2459690.3409838	46.52		False
2459690.34092593	46.51		False
2459690.34086806	46.51		False
2459690.34081019	46.48		False
2459690.34075231	46.33		False
2459690.34069444	46.45		False
2459690.34063657	46.39		False
2459690.3405787	46.7		False
2459690.34052083	46.27		False
2459690.34046296	46.3		False
2459690.34040509	46.53		False
2459690.34034722	46.65		False
2459690.34028935	46.34		False
2459690.34023148	46.53		False
2459690.34017361	46.38		False
2459690.34011574	46.59		False
2459690.34005787	46.54		False
2459690.34	46.43		False
2459690.33994213	46.55		False
2459690.33988426	46.25		False
2459690.33982639	46.7		False
2459690.33976852	46.16		False
2459690.33971065	46.34		False
2459690.33965278	46.5		True
2459690.33959491	46.46		True
2459690.33953704	46.54		True
2459690.33947917	46.43		True
2459690.3394213	46.47		True
2459690.33936343	46.5		True
2459690.33930556	46.6		True
2459690.33924769	46.53		True
2459690.33918981	46.7		True
2459690.33913194	46.66		True
2459690.33907407	46.58		True
2459690.3390162	46.69		True
2459690.33895833	46.52		True
2459690.33890046	46.4		True
2459690.33884259	46.57		True
2459690.33878472	46.61		True
2459690.33872685	46.61		True
2459690.33866898	46.42		True
2459690.33861111	46.65		True
2459690.33855324	46.37		True
2459690.33849537	46.54		True
2459690.3384375	46.48		True
2459690.33837963	46.6		True
2459690.33832176	46.59		True
2459690.33826389	46.33		True
2459690.33820602	46.42		True
2459690.33814815	46.46		True
2459690.33809028	46.66		True
2459690.33803241	46.35		True
2459690.33797454	46.39		True
2459690.33791667	46.45		True
2459690.3378588	46.38		True
2459690.33780093	46.59		True
2459690.33774306	46.49		True
2459690.33768518	46.64		True
2459690.33762732	46.71		True
2459690.33756944	46.63		True
2459690.33751157	46.55		True
2459690.3374537	46.4		True
2459690.33739583	46.62		True
2459690.33733796	46.74		True
2459690.33728009	46.61		True
2459690.33722222	46.52		True
2459690.33716435	46.56		True
2459690.33710648	46.67		True
2459690.33704861	46.4		True
2459690.33699074	46.57		True
2459690.33693287	46.55		True
2459690.336875	46.67		True
2459690.33681713	46.56		True
2459690.33675926	46.78		True
2459690.33670139	46.47		True
2459690.33664352	46.48		True
2459690.33658565	46.59		True
2459690.33652778	46.72		True
2459690.33646991	46.57		True
2459690.33641204	46.52		True
2459690.33634259	46.69		True
2459690.33628472	46.67		True
2459690.33622685	46.65		True
2459690.33616898	46.58		True
2459690.33611111	46.3		True
2459690.33605324	46.49		True
2459690.33599537	46.59		True
2459690.3359375	46.5		True
2459690.33586806	47.17		True
2459690.33581019	46.64		True
2459690.33575231	46.48		True
2459690.33569444	46.67		True
2459690.33563657	46.58		True
2459690.3355787	46.55		True
2459690.33552083	46.51		True
2459690.33546296	46.65		True
2459690.33539352	46.53		True
2459690.33533565	46.42		True
2459690.33527778	46.34		True
2459690.33521991	46.38		True
2459690.33516204	46.57		True
2459690.33510417	46.72		True
2459690.3350463	46.61		True
2459690.33498843	46.55		True
2459690.33491898	46.62		True
2459690.33486111	46.47		True
2459690.33480324	46.47		True
2459690.33474537	46.61		True
2459690.3346875	46.36		True
2459690.33462963	46.49		True
2459690.33457176	46.8		True
2459690.33451389	46.52		True
2459690.33444444	46.71		True
2459690.33438657	46.32		True
2459690.3343287	46.57		True
2459690.33427083	46.61		True
2459690.33420139	46.91		True
2459690.33414352	46.53		True
2459690.33408565	46.43		True
2459690.33402778	46.57		True
2459690.33396991	46.47		True
2459690.33391204	46.53		True
2459690.33385417	46.83		True
2459690.3337963	46.8		True
2459690.33372685	46.34		True
2459690.33366898	46.66		True
2459690.33361111	46.56		True
2459690.33355324	46.61		True
2459690.33349537	46.58		True
2459690.3334375	46.61		True
2459690.33337963	46.7		True
2459690.33332176	46.65		True
2459690.33325231	46.91		True
2459690.33319444	46.62		True
2459690.33313657	46.47		True
2459690.3330787	46.61		True
2459690.33300926	46.61		True
2459690.33295139	46.71		True
2459690.33289352	46.64		True
2459690.33283565	46.52		True
2459690.3327662	46.53		True
2459690.33270833	46.67		True
2459690.33265046	46.45		True
2459690.33259259	46.58		True
2459690.33252315	46.6		True
2459690.33246528	46.38		True
2459690.33240741	46.89		True
2459690.33234954	46.68		True
2459690.33228009	46.68		True
2459690.33222222	46.63		True
2459690.33216435	46.69		True
2459690.33210648	46.37		True
2459690.33203704	46.38		True
2459690.33197917	46.63		True
2459690.3319213	46.5		True
2459690.33186343	46.71		True
2459690.33179398	46.73		True
2459690.33173611	46.69		True
2459690.33167824	46.39		True
2459690.33162037	46.56		True
2459690.33155093	46.64		True
2459690.33149306	46.6		True
2459690.33143519	46.45		True
2459690.33137731	46.75		True
2459690.33131944	46.72		True
2459690.33126157	46.68		True
2459690.3312037	46.59		True
2459690.33114583	46.63		True
2459690.33107639	46.57		True
2459690.33101852	46.46		True
2459690.33096065	46.65		True
2459690.33090278	46.62		True
2459690.33083333	46.77		True
2459690.33077546	46.87		True
2459690.33071759	46.64		True
2459690.33065972	46.47		True
2459690.33059028	46.81		True
2459690.33053241	46.62		True
2459690.33047454	46.85		True
2459690.33041667	46.66		True
2459690.33034722	46.65		True
2459690.33028935	46.75		True
2459690.33023148	46.68		True
2459690.33017361	46.7		True
2459690.33011574	46.8		True
2459690.33005787	46.85		True
2459690.33	46.57		True
2459690.32994213	46.66		True
2459690.32987268	46.58		True
2459690.32981482	46.6		True
2459690.32975694	46.72		True
2459690.32969907	46.52		True
2459690.3296412	46.77		True
2459690.32958333	46.59		True
2459690.32952546	46.57		True
2459690.32946759	46.81		True
2459690.32939815	46.78		True
2459690.32934028	46.74		True
2459690.32928241	47.18		True
2459690.32922454	46.76		True
2459690.32916667	46.81		True
2459690.3291088	46.91		True
2459690.32905093	46.74		True
2459690.32899306	46.68		True
2459690.32893518	46.53		True
2459690.32887731	46.44		True
2459690.32881944	46.75		True
2459690.32876157	46.66		True
2459690.32869213	46.48		True
2459690.32863426	46.83		True
2459690.32857639	46.72		True
2459690.32851852	46.65		True
2459690.32846065	46.69		True
2459690.32840278	46.89		True
2459690.32834491	46.55		True
2459690.32828704	46.48		True
2459690.32821759	46.68		True
2459690.32815972	46.73		True
2459690.32810185	46.58		True
2459690.32804398	46.99		True
2459690.32798611	46.71		True
2459690.32792824	46.88		True
2459690.32787037	46.77		True
2459690.3278125	46.76		True
2459690.32774306	46.68		True
2459690.32768519	46.72		True
2459690.32762731	46.45		True
2459690.32756944	46.47		True
2459690.32751157	46.78		True
2459690.3274537	46.63		True
2459690.32739583	46.87		True
2459690.32733796	46.62		True
2459690.32728009	46.23		True
2459690.32722222	46.36		True
2459690.32716435	46.57		True
2459690.32710648	46.53		True
2459690.32703704	46.84		True
2459690.32697917	46.7		True
2459690.3269213	46.67		True
2459690.32686343	46.66		True
2459690.32680556	46.72		True
2459690.32674768	46.73		True
2459690.32668981	46.59		True
2459690.32663194	46.72		True
2459690.3265625	46.75		True
2459690.32650463	46.72		True
2459690.32644676	46.55		True
2459690.32638889	46.57		True
2459690.32633102	46.68		True
2459690.32627315	46.63		True
2459690.32621528	46.75		True
2459690.32615741	46.41		True
2459690.32608796	46.63		True
2459690.32603009	46.68		True
2459690.32597222	46.59		True
2459690.32591435	46.74		True
2459690.32584491	46.61		True
2459690.32578704	46.79		True
2459690.32572917	46.66		True
2459690.3256713	46.36		True
2459690.32561343	46.79		True
2459690.32555556	46.96		True
2459690.32549768	46.72		True
2459690.32543981	46.53		True
2459690.32538194	46.65		True
2459690.32532407	46.53		True
2459690.3252662	46.42		True
2459690.32520833	46.68		True
2459690.32513889	46.75		True
2459690.32508102	46.88		True
2459690.32502315	46.66		True
2459690.32496528	46.57		True
2459690.32489583	46.8		True
2459690.32483796	46.5		True
2459690.32478009	46.91		True
2459690.32472222	46.68		True
2459690.32465278	46.79		True
2459690.32459491	46.76		True
2459690.32453704	46.89		True
2459690.32447917	46.71		True
2459690.3244213	46.8		True
2459690.32436343	46.5		True
2459690.32430556	46.78		True
2459690.32424769	46.66		True
2459690.32417824	46.61		True
2459690.32412037	46.53		True
2459690.3240625	46.72		True
2459690.32400463	46.66		True
2459690.32393518	46.78		True
2459690.32387731	46.8		True
2459690.32381944	46.61		True
2459690.32376157	46.85		True
2459690.3237037	46.69		True
2459690.32364583	46.47		True
2459690.32358796	46.62		True
2459690.32353009	46.75		True
2459690.32346065	46.83		True
2459690.32340278	46.51		True
2459690.32334491	46.66		True
2459690.32328704	46.73		True
2459690.32321759	46.97		True
2459690.32315972	46.73		True
2459690.32310185	46.64		True
2459690.32304398	46.61		True
2459690.32297454	46.75		True
2459690.32291667	46.57		True
2459690.3228588	46.5		True
2459690.32280093	46.85		True
2459690.32274306	46.8		True
2459690.32268519	46.71		True
2459690.32262731	46.8		True
2459690.32256944	46.86		True
2459690.3225	46.87		True
2459690.32244213	46.62		True
2459690.32238426	46.76		True
2459690.32232639	46.87		True
2459690.32225694	46.73		True
2459690.32219907	47.16		True
2459690.3221412	46.65		True
2459690.32208333	46.61		True
2459690.32202546	46.64		True
2459690.32196759	46.84		True
2459690.32190972	46.71		True
2459690.32185185	46.83		True
2459690.32178241	46.63		True
2459690.32172454	46.7		True
2459690.32166667	46.64		True
2459690.3216088	47.18		True
2459690.32153935	46.64		True
2459690.32148148	46.78		True
2459690.32142361	46.83		True
2459690.32136574	46.92		True
2459690.32130787	46.64		True
2459690.32125	46.77		True
2459690.32119213	46.54		True
2459690.32113426	46.62		True
2459690.32107639	46.83		True
2459690.32101852	46.72		True
2459690.32096065	46.79		True
2459690.32090278	46.71		True
2459690.32083333	46.77		True
2459690.32077546	46.68		True
2459690.32071759	46.6		True
2459690.32065972	46.92		True
2459690.32059028	46.77		True
2459690.32053241	46.94		True
2459690.32047454	46.79		True
2459690.32041667	46.93		True
2459690.3203588	46.71		True
2459690.32030093	46.68		True
2459690.32024306	46.64		True
2459690.32018519	46.72		True
2459690.32011574	46.54		True
2459690.32005787	46.65		True
2459690.32	46.8		True
2459690.31994213	46.71		True
2459690.31987269	46.76		True
2459690.31981481	46.75		True
2459690.31975694	46.66		True
2459690.31969907	46.62		True
2459690.31962963	46.69		True
2459690.31957176	46.72		True
2459690.31951389	47.07		True
2459690.31945602	46.77		True
2459690.31938657	46.78		True
2459690.3193287	46.84		True
2459690.31927083	46.75		True
2459690.31921296	46.94		True
2459690.31914352	46.76		True
2459690.31908565	46.66		True
2459690.31902778	46.62		True
2459690.31896991	46.87		True
2459690.31891204	46.84		True
2459690.31885417	46.85		True
2459690.3187963	46.7		True
2459690.31873843	46.69		True
2459690.31866898	46.71		True
2459690.31861111	46.85		True
2459690.31855324	46.94		True
2459690.31849537	46.74		True
2459690.3184375	46.61		True
2459690.31837963	46.73		True
2459690.31832176	46.63		True
2459690.31826389	46.73		True
2459690.31820602	46.84		True
2459690.31814815	46.57		True
2459690.31809028	46.9		True
2459690.31803241	46.88		True
2459690.31796296	46.7		True
2459690.31790509	46.69		True
2459690.31784722	46.78		True
2459690.31778935	46.65		True
2459690.31773148	46.76		True
2459690.31767361	47.06		True
2459690.31761574	46.56		True
2459690.31755787	47.09		True
2459690.31748843	46.69		True
2459690.31743056	46.78		True
2459690.31737269	47.03		True
2459690.31731481	46.87		True
2459690.31725694	46.89		True
2459690.31719907	46.74		True
2459690.3171412	46.82		True
2459690.31708333	46.92		True
2459690.31701389	46.81		True
2459690.31695602	46.69		True
2459690.31689815	46.55		True
2459690.31684028	47.04		True
2459690.31677083	46.67		True
2459690.31671296	46.79		True
2459690.31665509	46.77		True
2459690.31659722	46.53		True
2459690.31653935	46.4		True
2459690.31648148	46.72		True
2459690.31642361	46.65		True
2459690.31636574	46.9		True
2459690.3162963	46.83		True
2459690.31623843	46.73		True
2459690.31618056	46.77		True
2459690.31612268	46.9		True
2459690.31606481	46.86		True
2459690.31600694	46.8		True
2459690.31594907	46.77		True
2459690.3158912	46.83		True
2459690.31582176	46.89		True
2459690.31576389	46.91		True
2459690.31570602	46.61		True
2459690.31564815	46.81		True
2459690.3155787	46.88		True
2459690.31552083	46.87		True
2459690.31546296	46.58		True
2459690.31540509	46.78		True
2459690.31534722	46.93		True
2459690.31528935	46.8		True
2459690.31523148	47.06		True
2459690.31517361	46.87		True
2459690.31510417	46.8		True
2459690.3150463	46.85		True
2459690.31498843	46.82		True
2459690.31493056	46.81		True
2459690.31486111	46.91		True
2459690.31480324	46.81		True
2459690.31474537	46.78		True
2459690.3146875	46.82		True
2459690.31461806	46.84		True
2459690.31456019	46.92		True
2459690.31450231	46.73		True
2459690.31444444	46.8		True
2459690.31438657	46.86		True
2459690.3143287	46.88		True
2459690.31427083	46.75		True
2459690.31421296	46.8		True
2459690.31414352	46.93		True
2459690.31408565	47.14		True
2459690.31402778	47.11		True
2459690.31396991	46.74		True
2459690.31390046	46.91		True
2459690.31384259	46.95		True
2459690.31378472	46.59		True
2459690.31372685	46.89		True
2459690.31366898	46.77		True
2459690.31361111	46.46		True
2459690.31355324	46.84		True
2459690.31349537	46.73		True
2459690.3134375	46.77		True
2459690.31337963	47.09		True
2459690.31332176	46.45		True
2459690.31326389	47.01		True
2459690.31319444	46.87		True
2459690.31313657	46.63		True
2459690.3130787	47.03		True
2459690.31302083	46.76		True
2459690.31296296	46.71		True
2459690.31290509	46.89		True
2459690.31284722	46.98		True
2459690.31278935	46.8		True
2459690.31273148	46.91		True
2459690.31267361	46.93		True
2459690.31261574	46.93		True
2459690.31255787	46.9		True
2459690.31248843	46.85		True
2459690.31243056	46.81		True
2459690.31237269	46.92		True
2459690.31231481	46.87		True
2459690.31224537	46.93		True
2459690.31219907	46.99		True
2459690.31212963	46.96		True
2459690.31207176	46.81		True
2459690.31201389	46.8		True
2459690.31195602	46.88		True
2459690.31189815	46.88		True
2459690.31184028	46.76		True
2459690.31177083	46.83		True
2459690.31171296	46.88		True
2459690.31165509	47		True
2459690.31159722	46.85		True
2459690.31152778	46.88		True
2459690.31146991	46.98		True
2459690.31141204	46.86		True
2459690.31135417	47.07		True
2459690.31128472	46.71		True
2459690.31122685	46.76		True
2459690.31116898	47.03		True
2459690.31111111	46.97		True
2459690.31105324	46.63		True
2459690.31099537	46.83		True
2459690.3109375	46.93		True
2459690.31087963	46.91		True
2459690.31081018	46.7		True
2459690.31075232	46.88		True
2459690.31069444	46.76		True
2459690.31063657	46.84		True
2459690.31056713	46.7		True
2459690.31050926	46.43		True
2459690.31045139	46.82		True
2459690.31039352	46.83		True
2459690.31033565	46.87		True
2459690.31027778	46.94		True
2459690.31021991	46.82		True
2459690.31016204	47.02		True
2459690.31010417	46.91		True
2459690.3100463	46.92		True
2459690.30998843	46.97		True
2459690.30993056	46.93		True
2459690.30986111	46.99		True
2459690.30980324	47.14		True
2459690.30974537	47.01		True
2459690.3096875	46.71		True
2459690.30962963	46.8		True
2459690.30957176	46.87		True
2459690.30951389	46.83		True
2459690.30945602	46.88		True
2459690.30939815	46.86		True
2459690.30934028	46.91		True
2459690.30928241	46.84		True
2459690.30922454	47.04		True
2459690.30915509	46.82		True
2459690.30909722	46.9		True
2459690.30905093	46.9		True
2459690.30898148	46.78		True
2459690.30892361	46.68		True
2459690.30886574	46.7		True
2459690.30880787	46.77		True
2459690.30875	46.81		True
2459690.30869213	46.74		True
2459690.30863426	46.92		True
2459690.30857639	46.71		True
2459690.30851852	46.73		True
2459690.30844907	46.82		True
2459690.3083912	47.07		True
2459690.30833333	46.99		True
2459690.30827546	47.07		True
2459690.30820602	46.86		True
2459690.30814815	46.93		True
2459690.30809028	47.13		True
2459690.30803241	46.68		True
2459690.30797454	46.87		True
2459690.30791667	46.65		True
2459690.3078588	46.81		True
2459690.30780093	46.99		True
2459690.30773148	46.88		True
2459690.30767361	46.82		True
2459690.30761574	46.97		True
2459690.30755787	46.88		True
2459690.30748843	46.77		True
2459690.30743056	47		True
2459690.30737269	47.26		True
2459690.30731481	47.17		True
2459690.30725694	46.73		True
2459690.30719907	47.17		True
2459690.3071412	46.69		True
2459690.30708333	47.04		True
2459690.30701389	46.8		True
2459690.30695602	46.93		True
2459690.30689815	46.9		True
2459690.30684028	46.95		True
2459690.30677083	46.94		True
2459690.30671296	46.78		True
2459690.30665509	46.87		True
2459690.30659722	47		True
2459690.30652778	46.75		True
2459690.30646991	46.73		True
2459690.30641204	46.88		True
2459690.30635417	46.93		True
2459690.30628472	46.83		True
2459690.30622685	46.69		True
2459690.30616898	46.76		True
2459690.30611111	46.96		True
2459690.30604167	46.89		True
2459690.3059838	47.07		True
2459690.30592593	46.76		True
2459690.30586806	46.9		True
2459690.30581019	46.8		True
2459690.30575231	46.86		True
2459690.30569444	46.84		True
2459690.30563657	46.8		True
2459690.30556713	46.73		True
2459690.30550926	46.84		True
2459690.30545139	46.8		True
2459690.30539352	46.77		True
2459690.30532407	46.77		True
2459690.3052662	46.68		True
2459690.30520833	47.06		True
2459690.30515046	46.88		True
2459690.30508102	46.98		True
2459690.30502315	47.05		True
2459690.30496528	46.73		True
2459690.30490741	47.16		True
2459690.30483796	46.88		True
2459690.30478009	46.95		True
2459690.30472222	46.98		True
2459690.30466435	46.87		True
2459690.30459491	47.04		True
2459690.30453704	46.67		True
2459690.30447917	47.21		True
2459690.3044213	46.98		True
2459690.30435185	47.13		True
2459690.30429398	46.92		True
2459690.30423611	47.12		True
2459690.30417824	46.84		True
2459690.30412037	46.91		True
2459690.3040625	46.68		True
2459690.30400463	46.85		True
2459690.30394676	46.93		True
2459690.30387731	46.9		True
2459690.30381944	46.89		True
2459690.30376157	46.81		True
2459690.3037037	46.94		True
2459690.30364583	46.89		True
2459690.30358796	46.8		True
2459690.30353009	47.06		True
2459690.30347222	46.85		True
2459690.30341435	46.67		True
2459690.30335648	46.77		True
2459690.30329861	47.01		True
2459690.30324074	46.72		True
2459690.30318287	46.93		True
2459690.303125	46.9		True
2459690.30306713	46.76		True
2459690.30300926	47.05		True
2459690.30295139	46.94		True
2459690.30289352	46.95		True
2459690.30283565	47.12		True
2459690.30277778	47.05		True
2459690.30271991	46.93		True
2459690.30266204	46.97		True
2459690.30260417	46.85		True
2459690.3025463	46.97		True
2459690.30248843	46.84		True
2459690.30243056	46.71		True
2459690.30237269	46.91		True
2459690.30231481	47.07		True
2459690.30225694	47.03		True
2459690.30219907	46.79		True
2459690.3021412	46.74		True
2459690.30208333	46.92		True
2459690.30202546	46.9		True
2459690.30196759	46.8		True
2459690.30190972	46.93		True
2459690.30185185	46.86		True
2459690.30179398	47.05		True
2459690.30173611	47		True
2459690.30167824	47.1		True
2459690.30162037	46.99		True
2459690.3015625	46.71		True
2459690.30150463	46.91		True
2459690.30144676	47.01		True
2459690.30138889	46.94		True
2459690.30133102	46.94		True
2459690.30127315	47.06		True
2459690.30121528	47.05		True
2459690.30115741	47.36		True
2459690.30109954	47.02		True
2459690.30104167	47.12		True
2459690.3009838	46.9		True
2459690.30092593	46.97		True
2459690.30086806	46.94		True
2459690.30081019	46.57		True
2459690.30075231	46.93		True
2459690.30069444	46.86		True
2459690.30063657	46.75		True
2459690.3005787	46.8		True
2459690.30052083	46.93		True
2459690.30046296	46.68		True
2459690.30040509	46.91		True
2459690.30034722	46.86		True
2459690.30028935	46.96		True
2459690.30023148	46.98		True
2459690.30017361	46.89		True
2459690.30011574	46.99		True
2459690.30005787	46.85		True
2459690.3	46.81		True
2459690.29994213	46.94		True
2459690.29988426	47.05		True
2459690.29982639	46.73		True
2459690.29976852	47.18		True
2459690.29971065	46.91		True
2459690.29965278	47.01		True
2459690.29959491	46.88		True
2459690.29953704	46.75		True
2459690.29947917	46.77		True
2459690.2994213	46.88		True
2459690.29936343	46.75		True
2459690.29930556	47.2		True
2459690.29924769	46.42		True
2459690.29918981	46.8		True
2459690.29913194	46.8		False
2459690.29907407	46.95		False
2459690.2990162	46.9		False
2459690.29895833	46.8		False
2459690.29890046	46.87		False
2459690.29884259	46.93		False
2459690.29878472	46.96		False
2459690.29872685	47.09		False
2459690.29866898	46.87		False
2459690.29861111	46.9		False
2459690.29855324	46.87		False
2459690.29849537	46.85		False
2459690.2984375	46.85		False
2459690.29837963	47.15		False
2459690.29832176	46.99		False
2459690.29826389	46.84		False
2459690.29820602	46.78		False
2459690.29814815	46.64		False
2459690.29809028	46.94		False
2459690.29803241	46.91		False
2459690.29797454	47.25		False
2459690.29791667	46.99		False
2459690.2978588	46.94		False
2459690.29780093	46.97		False
2459690.29774306	46.99		False
2459690.29768518	46.97		False
2459690.29762731	46.91		False
2459690.29756944	46.86		False
2459690.29751157	47		False
2459690.2974537	46.97		False
2459690.29739583	47.02		False
2459690.29733796	46.85		False
2459690.29728009	46.84		False
2459690.29722222	46.91		False
2459690.29716435	47.1		False
2459690.29710648	47.36		False
2459690.29704861	46.79		False
2459690.29699074	46.83		False
2459690.29693287	47.12		False
2459690.296875	46.97		False
2459690.29681713	46.93		False
2459690.29675926	47.03		False
2459690.29670139	47		False
2459690.29664352	47.65		False
2459690.29658565	46.93		False
2459690.29652778	47.24		False
2459690.29646991	46.83		False
2459690.29641204	47.2		False
2459690.29635417	46.98		False
2459690.2962963	46.81		False
2459690.29623843	46.83		False
2459690.29618056	47.04		False
2459690.29612269	47.07		False
2459690.29606481	47		False
2459690.29600694	47		False
2459690.29594907	46.91		False
2459690.2958912	46.87		False
2459690.29583333	46.99		False
2459690.29577546	47.13		False
2459690.29571759	46.86		False
2459690.29565972	46.97		False
2459690.29560185	46.95		False
2459690.29554398	46.96		False
2459690.29548611	47.01		False
2459690.29542824	47.19		False
2459690.29537037	47.14		False
2459690.2953125	47		False
2459690.29525463	46.95		False
2459690.29519676	46.72		False
2459690.29513889	46.85		False
2459690.29508102	47.03		False
2459690.29502315	46.98		False
2459690.29496528	47.11		False
2459690.29490741	46.89		False
2459690.29484954	47.11		False
2459690.29479167	47		False
2459690.2947338	46.81		False
2459690.29467593	47.01		False
2459690.29461806	47.07		False
2459690.29456019	46.92		False
2459690.29450231	46.96		False
2459690.29444444	47.08		False
2459690.29438657	46.96		False
2459690.2943287	46.95		False
2459690.29427083	46.93		False
2459690.29421296	46.97		False
2459690.29415509	47.05		False
2459690.29409722	46.99		False
2459690.29403935	47.08		False
2459690.29398148	47.15		False
2459690.29392361	46.92		False
2459690.29386574	47.17		False
2459690.29380787	47.14		False
2459690.29375	46.85		False
2459690.29369213	46.78		False
2459690.29363426	46.82		False
2459690.29357639	47.04		False
2459690.29351852	46.97		False
2459690.29346065	47.08		False
2459690.29340278	47.03		False
2459690.29334491	47.06		False
2459690.29328704	47.11		False
2459690.29322917	47.06		False
2459690.2931713	47.06		False
2459690.29311343	46.96		False
2459690.29305556	46.93		False
2459690.29299769	46.99		False
2459690.29293981	47.3		False
2459690.29288194	47.13		False
2459690.29282407	46.67		False
2459690.2927662	47.02		False
2459690.29270833	46.9		False
2459690.29265046	46.94		False
2459690.29259259	47.03		False
2459690.29253472	46.95		False
2459690.29247685	47.02		False
2459690.29241898	47.02		False
2459690.29236111	46.87		False
2459690.29230324	47.18		False
2459690.29224537	47.03		False
2459690.2921875	47.1		False
2459690.29212963	46.93		False
2459690.29207176	47.17		False
2459690.29201389	46.65		False
2459690.29195602	47.26		False
2459690.29189815	47.1		False
2459690.29184028	47.27		False
2459690.29178241	47.19		False
2459690.29172454	47.2		False
2459690.29166667	47.23		False
2459690.2916088	47.16		False
2459690.29155093	47.1		False
2459690.29149306	47.09		False
2459690.29143519	47.07		False
2459690.29137731	47.13		False
2459690.29131944	46.82		False
2459690.29126157	47.06		False
2459690.2912037	47.03		False
2459690.29114583	46.92		False
2459690.29108796	47.14		False
2459690.29103009	47.06		False
2459690.29097222	46.77		False
2459690.29091435	46.75		False
2459690.29085648	46.99		False
2459690.29079861	46.7		False
2459690.29074074	47.09		False
2459690.29068287	47		False
2459690.290625	47.01		False
2459690.29056713	47.07		False
2459690.29050926	47.03		False
2459690.29045139	47.08		False
2459690.29039352	46.88		False
2459690.29033565	47.3		False
2459690.29027778	47.01		False
2459690.29021991	47.16		False
2459690.29016204	47.2		False
2459690.29010417	47.04		False
2459690.2900463	47.07		False
2459690.28998843	47.32		False
2459690.28993056	46.88		False
2459690.28987269	47.17		False
2459690.28981481	47.05		False
2459690.28975694	46.86		False
2459690.28969907	47.01		False
2459690.2896412	47.03		False
2459690.28958333	47.11		False
2459690.28952546	47.01		False
2459690.28946759	47.06		False
2459690.28940972	47.21		False
2459690.28935185	46.93		False
2459690.28929398	47.03		False
2459690.28923611	47.2		False
2459690.28917824	47.21		False
2459690.28912037	47.25		False
2459690.2890625	47.12		False
2459690.28900463	47.11		False
2459690.28894676	47.57		False
2459690.28888889	47.05		False
2459690.28883102	46.93		False
2459690.28877315	47.14		False
2459690.28871528	47.03		False
2459690.28865741	46.96		False
2459690.28859954	47.19		False
2459690.28854167	46.92		False
2459690.2884838	46.99		False
2459690.28842593	47.16		False
2459690.28836806	46.98		False
2459690.28831019	47.15		False
2459690.28825231	47.16		False
2459690.28819444	46.43		False
2459690.28813657	47.13		False
2459690.2880787	47.11		False
2459690.28802083	47.19		False
2459690.28796296	47.09		False
2459690.28790509	47.01		False
2459690.28784722	47.05		False
2459690.28778935	47.1		False
2459690.28773148	47.03		False
2459690.28767361	47.23		False
2459690.28761574	47.28		False
2459690.28755787	47.19		False
2459690.2875	47.13		False
2459690.28744213	46.94		False
2459690.28738426	47.13		False
2459690.28732639	47.11		False
2459690.28726852	47.09		False
2459690.28721065	47.18		False
2459690.28715278	47.16		False
2459690.28709491	47.12		False
2459690.28703704	47.05		False
2459690.28697917	47.07		False
2459690.2869213	46.88		False
2459690.28686343	47.06		False
2459690.28680556	47.09		False
2459690.28674769	47.06		False
2459690.28668981	46.99		False
2459690.28663194	47.26		False
2459690.28657407	47.09		False
2459690.2865162	47.13		False
2459690.28645833	46.88		False
2459690.28640046	47.06		False
2459690.28634259	47.25		False
2459690.28628472	46.99		False
2459690.28622685	47.87		False
2459690.28616898	47.16		False
2459690.28611111	47.06		False
2459690.28605324	47.27		False
2459690.28599537	47.1		False
2459690.2859375	47.42		False
2459690.28587963	47.08		False
2459690.28582176	47.14		False
2459690.28576389	47.25		False
2459690.28570602	47.19		False
2459690.28564815	47.32		False
2459690.28559028	47.08		False
2459690.28553241	47.21		False
2459690.28547454	46.98		False
2459690.28541667	47.33		False
2459690.2853588	47.1		False
2459690.28530093	47.22		False
2459690.28524306	47.03		False
2459690.28518519	47.11		False
2459690.28512731	46.98		False
2459690.28506944	47.02		False
2459690.28501157	47.07		False
2459690.2849537	47.44		False
2459690.28489583	47.01		False
2459690.28483796	47.1		False
2459690.28478009	47.06		False
2459690.28472222	47.12		False
2459690.28466435	47.25		False
2459690.28460648	46.98		False
2459690.28454861	47.25		False
2459690.28449074	47.2		False
2459690.28443287	47.26		False
2459690.284375	47.01		False
2459690.28431713	47.02		False
2459690.28425926	47.14		False
2459690.28420139	47.06		False
2459690.28414352	47.31		False
2459690.28408565	47.1		False
2459690.28402778	47.18		False
2459690.28396991	47.51		False
2459690.28391204	47.25		False
2459690.28385417	47.21		False
2459690.2837963	47.17		False
2459690.28373843	47.25		False
2459690.28368056	47.32		False
2459690.28362269	47.04		False
2459690.28356481	47.02		False
2459690.28350694	46.97		False
2459690.28344907	47.13		False
2459690.2833912	47.18		False
2459690.28333333	47.1		False
2459690.28327546	47.09		False
2459690.28321759	47.13		False
2459690.28315972	47.25		False
2459690.28310185	46.99		False
2459690.28304398	47.14		False
2459690.28298611	47.23		False
2459690.28292824	47.31		False
2459690.28287037	47.1		False
2459690.2828125	47.2		False
2459690.28275463	47.32		False
2459690.28269676	46.96		False
2459690.28263889	46.94		False
2459690.28258102	47.16		False
2459690.28252315	47.15		False
2459690.28246528	47.31		False
2459690.28240741	47.29		False
2459690.28234954	47.04		False
2459690.28229167	47.14		False
2459690.2822338	47.26		False
2459690.28217593	47.18		False
2459690.28211806	47.19		False
2459690.28206019	46.97		False
2459690.28200231	47.17		False
2459690.28194444	47.17		False
2459690.28188657	47.11		False
2459690.2818287	47.26		False
2459690.28177083	46.99		False
2459690.28171296	47.29		False
2459690.28165509	47.27		False
2459690.28159722	47.24		False
2459690.28153935	47.29		False
2459690.28148148	47.17		False
2459690.28142361	47.16		False
2459690.28136574	47.4		False
2459690.28130787	47.12		False
2459690.28125	47.43		False
2459690.28119213	47.14		False
2459690.28113426	47.27		False
2459690.28107639	47.03		False
2459690.28101852	47.15		False
2459690.28096065	47.02		False
2459690.28090278	47.38		False
2459690.28084491	47.17		False
2459690.28078704	47.01		False
2459690.28072917	47.17		False
2459690.2806713	46.89		False
2459690.28061343	47.07		False
2459690.28055556	47.32		False
2459690.28049769	47.23		False
2459690.28043981	47.18		False
2459690.28038194	47.1		False
2459690.28032407	47.23		False
2459690.2802662	47.1		False
2459690.28020833	47.09		False
2459690.28015046	46.71		False
2459690.28009259	47.37		False
2459690.28003472	47.16		False
2459690.27997685	47.24		False
2459690.27991898	47.23		False
2459690.27986111	47.2		False
2459690.27980324	47.23		False
2459690.27974537	47.23		False
2459690.2796875	47.25		False
2459690.27962963	47.16		False
2459690.27957176	47.47		False
2459690.27951389	46.85		False
2459690.27945602	47.25		False
2459690.27939815	47.48		False
2459690.27934028	46.85		False
2459690.27928241	47.25		False
2459690.27922454	47.17		False
2459690.27916667	47.15		False
2459690.2791088	47.4		False
2459690.27905093	47.3		False
2459690.27899306	47.41		False
2459690.27893519	47.13		False
2459690.27887731	47.27		False
2459690.27881944	47.37		False
2459690.27876157	47.34		False
2459690.2787037	47.23		False
2459690.27864583	47.43		False
2459690.27858796	47.08		False
2459690.27853009	46.96		False
2459690.27847222	47.24		False
2459690.27841435	47.24		False
2459690.27835648	47.29		False
2459690.27829861	47.33		False
2459690.27824074	47.18		False
2459690.27818287	47.13		False
2459690.278125	47.2		False
2459690.27806713	47.27		False
2459690.27800926	47.27		False
2459690.27795139	47.35		False
2459690.27789352	47.59		False
2459690.27783565	47.27		False
2459690.27777778	47.07		False
2459690.27771991	47.2		False
2459690.27766204	47.21		False
2459690.27760417	47.38		False
2459690.2775463	47.35		False
2459690.27748843	47.24		False
2459690.27743056	46.93		False
2459690.27737269	47.09		False
2459690.27731481	46.81		False
2459690.27725694	47.15		False
2459690.27719907	47.19		False
2459690.2771412	47.34		False
2459690.27708333	47.1		False
2459690.27702546	47.33		False
2459690.27696759	47.22		False
2459690.27690972	47.25		False
2459690.27685185	47.3		False
2459690.27679398	47.5		False
2459690.27673611	47.31		False
2459690.27667824	47.45		False
2459690.27662037	47.29		False
2459690.2765625	47.33		False
2459690.27650463	47.06		False
2459690.27644676	47.27		False
2459690.27638889	46.94		False
2459690.27633102	47.48		False
2459690.27627315	47.4		False
2459690.27621528	47.13		False
2459690.27615741	47.24		False
2459690.27609954	47.09		False
2459690.27604167	47.42		False
2459690.2759838	47.54		False
2459690.27592593	47.28		False
2459690.27586806	47.18		False
2459690.27581019	47.33		False
2459690.27575231	47.3		False
2459690.27569444	47.39		False
2459690.27563657	47.42		False
2459690.2755787	47.4		False
2459690.27552083	47.25		False
2459690.27546296	47.36		False
2459690.27540509	47.37		False
2459690.27534722	47.18		False
2459690.27528935	47.5		False
2459690.27523148	47.41		False
2459690.27517361	47.48		True
2459690.27511574	47.44		True
2459690.27505787	47.27		True
2459690.27494213	47.52		True
2459690.27488426	47.46		True
2459690.27482639	47.46		True
2459690.27476852	47.46		True
2459690.27471065	47.43		True
2459690.27465278	47.41		True
2459690.27459491	47.28		True
2459690.27453704	47.2		True
2459690.27447917	47.33		True
2459690.2744213	47.34		True
2459690.27436343	47.39		True
2459690.27430556	47.17		True
2459690.27424769	47.25		True
2459690.27418981	47.18		True
2459690.27413194	47.42		True
2459690.27407407	47.24		True
2459690.2740162	47.6		True
2459690.27395833	47.34		True
2459690.27390046	47.49		True
2459690.27384259	47.37		True
2459690.27378472	47.46		True
2459690.27372685	47.22		True
2459690.27366898	47.33		True
2459690.27361111	47.27		True
2459690.27355324	47.49		True
2459690.27349537	47.6		True
2459690.2734375	47.2		True
2459690.27337963	47.21		True
2459690.27332176	47.48		True
2459690.27326389	47.27		True
2459690.27320602	47.4		True
2459690.27314815	47.41		True
2459690.27309028	47.3		True
2459690.27303241	47.44		True
2459690.27297454	47.48		True
2459690.27291667	47.33		True
2459690.2728588	47.25		True
2459690.27280093	47.42		True
2459690.27274306	47.47		True
2459690.27268519	47.38		True
2459690.27262731	47.52		True
2459690.27256944	47.43		True
2459690.27251157	47.45		True
2459690.2724537	47.4		True
2459690.27239583	47.39		True
2459690.27233796	47.52		True
2459690.27228009	47.25		True
2459690.27222222	47.49		True
2459690.27216435	47.38		True
2459690.27210648	47.48		True
2459690.27204861	47.24		True
2459690.27199074	47.54		True
2459690.2719213	47.35		True
2459690.27186343	47.41		True
2459690.27180556	47.37		True
2459690.27174768	47.28		True
2459690.27168981	47.42		True
2459690.27163194	47.2		True
2459690.27157407	47.38		True
2459690.2715162	47.44		True
2459690.27144676	47.55		True
2459690.27138889	47.4		True
2459690.27133102	47.44		True
2459690.27127315	47.53		True
2459690.27121528	47.32		True
2459690.27115741	47.52		True
2459690.27109954	47.29		True
2459690.27104167	47.3		True
2459690.27097222	47.4		True
2459690.27091435	47.27		True
2459690.27085648	47.47		True
2459690.27079861	47.37		True
2459690.27074074	47.36		True
2459690.27068287	47.29		True
2459690.270625	47.56		True
2459690.27056713	47.36		True
2459690.27049769	47.45		True
2459690.27043981	47.79		True
2459690.27038194	48.23		True
2459690.27032407	47.38		True
2459690.2702662	47.41		True
2459690.27020833	47.43		True
2459690.27015046	47.51		True
2459690.27009259	47.59		True
2459690.27002315	47.25		True
2459690.26996528	47.44		True
2459690.26990741	47.6		True
2459690.26984954	47.37		True
2459690.26979167	47.14		True
2459690.2697338	47.3		True
2459690.26967593	47.38		True
2459690.26961806	47.55		True
2459690.26954861	47.25		True
2459690.26949074	47.22		True
2459690.26943287	47.74		True
2459690.269375	47.45		True
2459690.26930556	47.63		True
2459690.26924769	47.55		True
2459690.26918981	47.57		True
2459690.26913194	47.29		True
2459690.2690625	47.38		True
2459690.26900463	47.53		True
2459690.26894676	47.5		True
2459690.26888889	47.64		True
2459690.26881944	47.35		True
2459690.26876157	47.49		True
2459690.2687037	47.65		True
2459690.26864583	47.23		True
2459690.26857639	47.68		True
2459690.26851852	47.56		True
2459690.26846065	47.45		True
2459690.26840278	47.5		True
2459690.26834491	47.36		True
2459690.26828704	47.62		True
2459690.26822917	47.46		True
2459690.2681713	47.6		True
2459690.26810185	47.45		True
2459690.26804398	47.61		True
2459690.26798611	47.51		True
2459690.26792824	47.33		True
2459690.2678588	47.55		True
2459690.26780093	47.6		True
2459690.26774306	47.45		True
2459690.26768519	47.59		True
2459690.26761574	47.56		True
2459690.26755787	47.39		True
2459690.2675	47.17		True
2459690.26744213	47.66		True
2459690.26737268	47.46		True
2459690.26731481	47.35		True
2459690.26725694	47.63		True
2459690.26719907	47.65		True
2459690.26712963	47.71		True
2459690.26707176	47.79		True
2459690.26701389	47.48		True
2459690.26695602	47.44		True
2459690.26688657	46.59		True
2459690.2668287	47.41		True
2459690.26677083	47.45		True
2459690.26671296	47.34		True
2459690.26665509	47.54		True
2459690.26659722	47.51		True
2459690.26653935	47.66		True
2459690.26648148	47.59		True
2459690.26641204	47.3		True
2459690.26635417	47.75		True
2459690.2662963	47.42		True
2459690.26623843	47.7		True
2459690.26616898	47.42		True
2459690.26611111	47.62		True
2459690.26605324	47.62		True
2459690.26599537	47.59		True
2459690.26592593	47.4		True
2459690.26586806	47.68		True
2459690.26581019	47.49		True
2459690.26575231	47.4		True
2459690.26569444	46.39		True
2459690.26563657	47.3		True
2459690.2655787	47.49		True
2459690.26552083	47.36		True
2459690.26545139	47.61		True
2459690.26539352	47.48		True
2459690.26533565	47.54		True
2459690.26527778	47.42		True
2459690.26520833	47.51		True
2459690.26515046	47.47		True
2459690.26509259	47.47		True
2459690.26503472	47.81		True
2459690.26497685	47.41		True
2459690.26491898	47.61		True
2459690.26486111	47.58		True
2459690.26480324	47.52		True
2459690.2647338	47.54		True
2459690.26467593	47.55		True
2459690.26461806	47.46		True
2459690.26456019	47.4		True
2459690.26449074	47.51		True
2459690.26443287	47.36		True
2459690.264375	47.66		True
2459690.26431713	47.51		True
2459690.26424769	47.59		True
2459690.26418981	47.68		True
2459690.26413194	47.49		True
2459690.26407407	47.51		True
2459690.2640162	47.46		True
2459690.26395833	47.41		True
2459690.26390046	47.5		True
2459690.26384259	47.61		True
2459690.26377315	47.84		True
2459690.26371528	47.73		True
2459690.26365741	47.41		True
2459690.26359954	47.65		True
2459690.26354167	47.67		True
2459690.2634838	47.71		True
2459690.26342593	47.61		True
2459690.26336806	47.58		True
2459690.26329861	47.76		True
2459690.26324074	47.54		True
2459690.26318287	46.93		True
2459690.263125	47.41		True
2459690.26306713	47.63		True
2459690.26300926	47.64		True
2459690.26295139	47.51		True
2459690.26289352	47.55		True
2459690.26282407	47.68		True
2459690.2627662	47.62		True
2459690.26270833	47.47		True
2459690.26265046	47.53		True
2459690.26259259	47.51		True
2459690.26253472	47.6		True
2459690.26247685	47.56		True
2459690.26241898	47.67		True
2459690.26234954	47.58		True
2459690.26229167	47.64		True
2459690.2622338	47.63		True
2459690.26217593	47.59		True
2459690.26210648	47.54		True
2459690.26204861	47.77		True
2459690.26199074	47.49		True
2459690.26193287	47.67		True
2459690.26186343	47.85		True
2459690.26180556	47.65		True
2459690.26174769	47.8		True
2459690.26168981	47.67		True
2459690.26163194	47.66		True
2459690.26157407	47.71		True
2459690.2615162	47.76		True
2459690.26145833	47.8		True
2459690.26138889	47.9		True
2459690.26133102	47.74		True
2459690.26127315	47.57		True
2459690.26121528	47.68		True
2459690.26114583	47.67		True
2459690.26108796	47.46		True
2459690.26103009	47.58		True
2459690.26097222	47.89		True
2459690.26091435	47.62		True
2459690.26085648	47.63		True
2459690.26079861	47.85		True
2459690.26074074	47.64		True
2459690.2606713	46.76		True
2459690.26061343	47.6		True
2459690.26055556	47.78		True
2459690.26049768	47.7		True
2459690.26042824	47.87		True
2459690.26037037	47.59		True
2459690.2603125	47.98		True
2459690.26025463	47.71		True
2459690.26018519	47.96		True
2459690.26012731	47.71		True
2459690.26006944	47.88		True
2459690.26001157	47.68		True
2459690.2599537	47.43		True
2459690.25989583	47.83		True
2459690.25983796	47.81		True
2459690.25978009	47.78		True
2459690.25971065	47.86		True
2459690.25965278	47.66		True
2459690.25959491	47.72		True
2459690.25953704	47.85		True
2459690.25946759	47.58		True
2459690.25940972	47.83		True
2459690.25935185	47.73		True
2459690.25929398	47.81		True
2459690.25923611	48.62		True
2459690.25917824	47.65		True
2459690.25912037	47.66		True
2459690.2590625	47.8		True
2459690.25899306	47.66		True
2459690.25893518	47.79		True
2459690.25887731	47.95		True
2459690.25881944	47.71		True
2459690.25875	47.87		True
2459690.25869213	47.69		True
2459690.25863426	47.75		True
2459690.25857639	47.98		True
2459690.25851852	47.54		True
2459690.25846065	47.73		True
2459690.25840278	47.77		True
2459690.25834491	47.79		True
2459690.25827546	47.97		True
2459690.25821759	47.87		True
2459690.25815972	47.8		True
2459690.25810185	47.84		True
2459690.25804398	48.02		True
2459690.25798611	47.83		True
2459690.25792824	47.68		True
2459690.25787037	47.84		True
2459690.25780093	47.9		True
2459690.25774306	47.74		True
2459690.25768519	48.09		True
2459690.25762731	48.06		True
2459690.25755787	47.82		True
2459690.2575	47.87		True
2459690.25744213	47.81		True
2459690.25738426	48.05		True
2459690.25731481	47.76		True
2459690.25725694	47.82		True
2459690.25719907	47.81		True
2459690.2571412	47.73		True
2459690.25708333	47.77		True
2459690.25702546	47.83		True
2459690.25696759	47.75		True
2459690.25690972	47.75		True
2459690.25685185	48.08		True
2459690.25679398	48.01		True
2459690.25673611	47.83		True
2459690.25667824	47.78		True
2459690.2566088	47.88		True
2459690.25655093	47.89		True
2459690.25649306	47.83		True
2459690.25643519	47.91		True
2459690.25636574	47.6		True
2459690.25630787	47.98		True
2459690.25625	48.18		True
2459690.25619213	47.93		True
2459690.25613426	47.78		True
2459690.25607639	47.92		True
2459690.25601852	47.62		True
2459690.25596065	47.67		True
2459690.2558912	47.78		True
2459690.25583333	47.86		True
2459690.25577546	47.94		True
2459690.25571759	48.01		True
2459690.25565972	47.74		True
2459690.25560185	47.91		True
2459690.25554398	47.86		True
2459690.25548611	48.12		True
2459690.25541667	47.64		True
2459690.2553588	47.93		True
2459690.25530093	47.97		True
2459690.25524306	48.07		True
2459690.25518519	47.27		True
2459690.25512731	48.05		True
2459690.25506944	48.14		True
2459690.25501157	47.87		True
2459690.25494213	48.01		True
2459690.25488426	47.97		True
2459690.25482639	47.92		True
2459690.25476852	47.98		True
2459690.25469907	47.74		True
2459690.2546412	47.88		True
2459690.25458333	47.8		True
2459690.25452546	47.96		True
2459690.25445602	47.8		True
2459690.25439815	47.74		True
2459690.25434028	47.97		True
2459690.25428241	47.91		True
2459690.25422454	47.98		True
2459690.25416667	48.07		True
2459690.2541088	48.19		True
2459690.25405093	48.14		True
2459690.25398148	47.98		True
2459690.25392361	48.01		True
2459690.25386574	47.86		True
2459690.25380787	47.9		True
2459690.25373843	47.98		True
2459690.25368056	47.95		True
2459690.25362269	48.14		True
2459690.25356481	47.99		True
2459690.25350694	47.97		True
2459690.25344907	47.84		True
2459690.2533912	47.86		True
2459690.25333333	48.11		True
2459690.25326389	48.16		True
2459690.25320602	48.17		True
2459690.25314815	48.1		True
2459690.25309028	47.82		True
2459690.25303241	47.87		True
2459690.25297454	48.08		True
2459690.25291667	48.07		True
2459690.2528588	48.16		True
2459690.25280093	48.01		True
2459690.25274306	47.83		True
2459690.25268518	48.08		True
2459690.25262732	47.88		True
2459690.25255787	47.97		True
2459690.2525	47.94		True
2459690.25244213	48.26		True
2459690.25238426	48.06		True
2459690.25231481	48.84		True
2459690.25225694	48.07		True
2459690.25219907	48.01		True
2459690.2521412	47.93		True
2459690.25208333	47.99		True
2459690.25202546	47.93		True
2459690.25196759	48.04		True
2459690.25190972	48.06		True
2459690.25184028	48.08		True
2459690.25178241	47.6		True
2459690.25172454	48.08		True
2459690.25166667	47.95		True
2459690.25159722	47.84		True
2459690.25153935	47.93		True
2459690.25148148	48.2		True
2459690.25142361	47.98		True
2459690.25135417	47.95		True
2459690.2512963	48.05		True
2459690.25123843	48.06		True
2459690.25118056	48.24		True
2459690.25112268	48.16		True
2459690.25106481	48.12		True
2459690.25100694	47.98		True
2459690.25094907	47.95		True
2459690.25087963	47.78		True
2459690.25082176	47.97		True
2459690.25076389	47.94		True
2459690.25070602	48.09		True
2459690.25063657	48.1		True
2459690.2505787	48.12		True
2459690.25052083	47.75		True
2459690.25046296	48.23		True
2459690.25039352	47.45		True
2459690.25033565	48.18		True
2459690.25027778	48.14		True
2459690.25021991	47.92		True
2459690.25015046	48.15		True
2459690.25009259	47.91		True
2459690.25003472	48.42		True
2459690.24997685	48.03		True
2459690.24990741	48.17		True
2459690.24984954	48.11		True
2459690.24979167	48.07		True
2459690.2497338	48.02		True
2459690.24966435	48.29		True
2459690.24960648	48.13		True
2459690.24954861	47.94		True
2459690.24949074	48.35		True
2459690.2494213	48.13		True
2459690.24936343	48		True
2459690.24930556	48.17		True
2459690.24924768	48.3		True
2459690.24917824	48.14		True
2459690.24912037	48.13		True
2459690.2490625	48.27		True
2459690.24900463	47.59		True
2459690.24893519	48.28		True
2459690.24887731	48.07		True
2459690.24881944	47.98		True
2459690.24876157	47.89		True
2459690.24869213	48.08		True
2459690.24863426	48.12		True
2459690.24857639	48.1		True
2459690.24851852	48.4		True
2459690.24844907	48.33		True
2459690.2483912	48.3		True
2459690.24833333	48.29		True
2459690.24827546	48.45		True
2459690.24820602	48.02		True
2459690.24814815	48.28		True
2459690.24809028	47.94		True
2459690.24803241	48.33		True
2459690.24796296	48.02		True
2459690.24790509	48.18		True
2459690.24784722	48.17		True
2459690.24778935	48.13		True
2459690.24773148	48.13		True
2459690.24767361	48.21		True
2459690.24761574	48.31		True
2459690.24755787	48.27		True
2459690.24748843	48.48		True
2459690.24743056	47.98		True
2459690.24737269	48.21		True
2459690.24731481	48.15		True
2459690.24725694	48.34		True
2459690.24719907	48.43		True
2459690.2471412	48.36		True
2459690.24708333	48.21		True
2459690.24701389	48.34		True
2459690.24695602	48.56		True
2459690.24689815	47.99		True
2459690.24684028	48.24		True
2459690.24677083	48.22		True
2459690.24671296	48.11		True
2459690.24665509	48.38		True
2459690.24659722	48.18		True
2459690.24653935	48.44		True
2459690.24648148	48.15		True
2459690.24642361	48.36		True
2459690.24636574	48.21		True
2459690.24630787	48.19		True
2459690.24625	48.23		True
2459690.24619213	48.21		True
2459690.24613426	48.25		True
2459690.24606481	48.36		True
2459690.24600694	48.21		True
2459690.24594907	48.29		True
2459690.2458912	48.44		True
2459690.24583333	48.07		True
2459690.24577546	48.13		True
2459690.24571759	48.45		True
2459690.24565972	48.2		True
2459690.24559028	48.18		True
2459690.24553241	48.49		True
2459690.24547454	48.16		True
2459690.24541667	48.39		True
2459690.2453588	48.28		True
2459690.24530093	47.27		True
2459690.24524306	48.45		True
2459690.24518519	48.42		True
2459690.24511574	48.2		True
2459690.24505787	48.18		True
2459690.24494213	48.36		True
2459690.24487268	48.38		True
2459690.24481481	48.22		True
2459690.24475694	48.47		True
2459690.24469907	48.26		True
2459690.2446412	48.56		True
2459690.24458333	48.47		True
2459690.24452546	48.23		True
2459690.24446759	48.18		True
2459690.24439815	48.62		True
2459690.24434028	48.39		True
2459690.24428241	48.13		True
2459690.24422454	46.81		True
2459690.24415509	48.52		True
2459690.24409722	48.46		True
2459690.24403935	48.59		True
2459690.24398148	48.32		True
2459690.24391204	48.5		True
2459690.24385417	48.2		True
2459690.2437963	48.44		True
2459690.24373843	48.65		True
2459690.24368056	48.91		True
2459690.24362269	48.16		True
2459690.24356481	48.34		True
2459690.24350694	48.5		True
2459690.2434375	48.33		True
2459690.24337963	48.41		True
2459690.24332176	48.33		True
2459690.24326389	48.42		True
2459690.24319444	48.45		True
2459690.24313657	48.38		True
2459690.2430787	48.16		True
2459690.24302083	48.27		True
2459690.24296296	48.24		True
2459690.24290509	48.42		True
2459690.24284722	48.53		True
2459690.24278935	48.36		True
2459690.24273148	48.42		True
2459690.24267361	48.29		True
2459690.24261574	48.36		True
2459690.24255787	48.27		True
2459690.24248843	48.46		True
2459690.24243056	48.33		True
2459690.24237269	48.16		True
2459690.24231481	48.38		True
2459690.24225694	48.56		True
2459690.24219907	48.28		True
2459690.2421412	48.52		True
2459690.24208333	48.14		True
2459690.24202546	48.46		True
2459690.24196759	48.35		True
2459690.24190972	48.38		True
2459690.24185185	48.4		True
2459690.24178241	48.31		True
2459690.24172454	48.32		True
2459690.24166667	48.34		True
2459690.2416088	48.8		True
2459690.24155093	48.4		True
2459690.24149306	48.41		True
2459690.24143518	48.58		True
2459690.24137732	48.42		True
2459690.24131944	48.34		True
2459690.24126157	48.36		True
2459690.2412037	48.3		True
2459690.24114583	48.17		True
