JD	pressure		sunlit
2459690.36534722	1005.26		True
2459690.36528935	1005.27		True
2459690.36523148	1005.26		True
2459690.36517361	1005.26		True
2459690.36511574	1005.26		True
2459690.36505787	1005.25		True
2459690.36494213	1005.24		True
2459690.36488426	1005.28		True
2459690.36482639	1005.27		True
2459690.36476852	1005.26		True
2459690.36471065	1005.24		True
2459690.36465278	1005.26		True
2459690.36459491	1005.29		True
2459690.36453704	1005.26		True
2459690.36447917	1005.27		True
2459690.3644213	1005.31		True
2459690.36436343	1005.27		True
2459690.36430556	1005.3		True
2459690.36424769	1005.31		True
2459690.36418981	1005.31		True
2459690.36413194	1005.3		True
2459690.36407407	1005.3		True
2459690.3640162	1005.31		True
2459690.36395833	1005.35		True
2459690.36390046	1005.33		True
2459690.36384259	1005.34		True
2459690.36378472	1005.33		True
2459690.36372685	1005.32		True
2459690.36366898	1005.32		False
2459690.36361111	1005.31		False
2459690.36355324	1005.33		False
2459690.36349537	1005.33		False
2459690.3634375	1005.29		False
2459690.36337963	1005.31		False
2459690.36332176	1005.29		False
2459690.36326389	1005.3		False
2459690.36320602	1005.34		False
2459690.36314815	1005.32		False
2459690.36309028	1005.31		False
2459690.36303241	1005.28		False
2459690.36297454	1005.3		False
2459690.36291667	1005.33		False
2459690.3628588	1005.31		False
2459690.36280093	1005.32		False
2459690.36274306	1005.28		False
2459690.36268519	1005.32		False
2459690.36262731	1005.3		False
2459690.36256944	1005.33		False
2459690.36251157	1005.31		False
2459690.3624537	1005.31		False
2459690.36239583	1005.32		False
2459690.36233796	1005.34		False
2459690.36228009	1005.32		False
2459690.36222222	1005.28		False
2459690.36216435	1005.32		False
2459690.36210648	1005.33		False
2459690.36204861	1005.34		False
2459690.36199074	1005.34		False
2459690.36193287	1005.34		False
2459690.361875	1005.35		False
2459690.36181713	1005.37		False
2459690.36175926	1005.31		False
2459690.36170139	1005.32		False
2459690.36164352	1005.31		False
2459690.36158565	1005.31		False
2459690.36152778	1005.33		False
2459690.36146991	1005.33		False
2459690.36141204	1005.33		False
2459690.36135417	1005.32		False
2459690.3612963	1005.31		False
2459690.36123843	1005.33		False
2459690.36118056	1005.33		False
2459690.36112268	1005.31		False
2459690.36106481	1005.32		False
2459690.36100694	1005.32		False
2459690.36094907	1005.34		False
2459690.3608912	1005.35		False
2459690.36083333	1005.35		False
2459690.36077546	1005.34		False
2459690.36071759	1005.33		False
2459690.36065972	1005.34		False
2459690.36060185	1005.34		False
2459690.36054398	1005.34		False
2459690.36048611	1005.34		False
2459690.36042824	1005.3		False
2459690.36037037	1005.32		False
2459690.3603125	1005.32		False
2459690.36025463	1005.31		False
2459690.36019676	1005.33		False
2459690.36013889	1005.31		False
2459690.36008102	1005.33		False
2459690.36002315	1005.34		False
2459690.35996528	1005.35		False
2459690.35990741	1005.36		False
2459690.35984954	1005.35		False
2459690.35979167	1005.35		False
2459690.3597338	1005.31		False
2459690.35967593	1005.35		False
2459690.35961806	1005.34		False
2459690.35956018	1005.33		False
2459690.35950231	1005.34		False
2459690.35944444	1005.34		False
2459690.35938657	1005.34		False
2459690.3593287	1005.36		False
2459690.35927083	1005.35		False
2459690.35921296	1005.36		False
2459690.35915509	1005.3		False
2459690.35909722	1005.33		False
2459690.35903935	1005.39		False
2459690.35898148	1005.38		False
2459690.35892361	1005.37		False
2459690.35886574	1005.38		False
2459690.35880787	1005.38		False
2459690.35875	1005.37		False
2459690.35869213	1005.4		False
2459690.35863426	1005.4		False
2459690.35857639	1005.39		False
2459690.35851852	1005.38		False
2459690.35846065	1005.36		False
2459690.35840278	1005.37		False
2459690.35834491	1005.36		False
2459690.35828704	1005.37		False
2459690.35822917	1005.38		False
2459690.3581713	1005.37		False
2459690.35811343	1005.39		False
2459690.35805556	1005.38		False
2459690.35799768	1005.39		False
2459690.35793981	1005.36		False
2459690.35788194	1005.36		False
2459690.35782407	1005.33		False
2459690.3577662	1005.37		False
2459690.35770833	1005.35		False
2459690.35765046	1005.36		False
2459690.35759259	1005.37		False
2459690.35753472	1005.36		False
2459690.35747685	1005.4		False
2459690.35741898	1005.4		False
2459690.35736111	1005.37		False
2459690.35730324	1005.39		False
2459690.35724537	1005.36		False
2459690.3571875	1005.35		False
2459690.35712963	1005.38		False
2459690.35707176	1005.37		False
2459690.35701389	1005.38		False
2459690.35695602	1005.35		False
2459690.35689815	1005.35		False
2459690.35684028	1005.36		False
2459690.35678241	1005.38		False
2459690.35672454	1005.38		False
2459690.35666667	1005.38		False
2459690.3566088	1005.4		False
2459690.35655093	1005.39		False
2459690.35649306	1005.37		False
2459690.35643518	1005.35		False
2459690.35637731	1005.36		False
2459690.35631944	1005.39		False
2459690.35626157	1005.37		False
2459690.3562037	1005.39		False
2459690.35614583	1005.37		False
2459690.35608796	1005.31		False
2459690.35603009	1005.35		False
2459690.35597222	1005.35		False
2459690.35591435	1005.36		False
2459690.35585648	1005.35		False
2459690.35579861	1005.36		False
2459690.35574074	1005.38		False
2459690.35568287	1005.35		False
2459690.355625	1005.36		False
2459690.35556713	1005.39		False
2459690.35550926	1005.35		False
2459690.35545139	1005.36		False
2459690.35539352	1005.38		False
2459690.35533565	1005.4		False
2459690.35527778	1005.37		False
2459690.35521991	1005.38		False
2459690.35516204	1005.38		False
2459690.35510417	1005.4		False
2459690.3550463	1005.39		False
2459690.35498843	1005.41		False
2459690.35493056	1005.36		False
2459690.35487269	1005.37		False
2459690.35481481	1005.38		False
2459690.35475694	1005.36		False
2459690.35469907	1005.39		False
2459690.3546412	1005.38		False
2459690.35458333	1005.33		False
2459690.35452546	1005.32		False
2459690.35446759	1005.33		False
2459690.35440972	1005.3		False
2459690.35435185	1005.34		False
2459690.35429398	1005.3		False
2459690.35423611	1005.28		False
2459690.35417824	1005.3		False
2459690.35412037	1005.27		False
2459690.3540625	1005.3		False
2459690.35400463	1005.29		False
2459690.35394676	1005.3		False
2459690.35388889	1005.29		False
2459690.35383102	1005.25		False
2459690.35377315	1005.3		False
2459690.35371528	1005.28		False
2459690.35365741	1005.31		False
2459690.35359954	1005.28		False
2459690.35354167	1005.3		False
2459690.3534838	1005.29		False
2459690.35342593	1005.28		False
2459690.35336806	1005.34		False
2459690.35331018	1005.28		False
2459690.35325231	1005.31		False
2459690.35319444	1005.33		False
2459690.35313657	1005.32		False
2459690.3530787	1005.22		False
2459690.35302083	1005.32		False
2459690.35296296	1005.3		False
2459690.35290509	1005.34		False
2459690.35284722	1005.3		False
2459690.35278935	1005.28		False
2459690.35273148	1005.3		False
2459690.35267361	1005.3		False
2459690.35261574	1005.3		False
2459690.35255787	1005.3		False
2459690.3525	1005.28		False
2459690.35244213	1005.29		False
2459690.35238426	1005.27		False
2459690.35232639	1005.28		False
2459690.35226852	1005.3		False
2459690.35221065	1005.3		False
2459690.35215278	1005.3		False
2459690.35209491	1005.25		False
2459690.35203704	1005.26		False
2459690.35197917	1005.28		False
2459690.3519213	1005.3		False
2459690.35186343	1005.27		False
2459690.35180556	1005.28		False
2459690.35174768	1005.29		False
2459690.35168981	1005.3		False
2459690.35163194	1005.29		False
2459690.35157407	1005.28		False
2459690.3515162	1005.29		False
2459690.35145833	1005.26		False
2459690.35140046	1005.31		False
2459690.35134259	1005.25		False
2459690.35128472	1005.27		False
2459690.35122685	1005.29		False
2459690.35116898	1005.3		False
2459690.35111111	1005.33		False
2459690.35105324	1005.36		False
2459690.35099537	1005.34		False
2459690.3509375	1005.35		False
2459690.35087963	1005.33		False
2459690.35082176	1005.31		False
2459690.35076389	1005.32		False
2459690.35070602	1005.33		False
2459690.35064815	1005.33		False
2459690.35059028	1005.32		False
2459690.35053241	1005.33		False
2459690.35047454	1005.33		False
2459690.35041667	1005.31		False
2459690.3503588	1005.33		False
2459690.35030093	1005.33		False
2459690.35024306	1005.34		False
2459690.35018518	1005.32		False
2459690.35012731	1005.36		False
2459690.35006944	1005.34		False
2459690.35001157	1005.35		False
2459690.3499537	1005.32		False
2459690.34989583	1005.38		False
2459690.34983796	1005.36		False
2459690.34978009	1005.37		False
2459690.34972222	1005.37		False
2459690.34966435	1005.36		False
2459690.34960648	1005.37		False
2459690.34954861	1005.38		False
2459690.34949074	1005.37		False
2459690.34943287	1005.36		False
2459690.349375	1005.35		False
2459690.34931713	1005.36		False
2459690.34925926	1005.35		False
2459690.34920139	1005.35		False
2459690.34914352	1005.39		False
2459690.34908565	1005.36		False
2459690.34902778	1005.36		False
2459690.34896991	1005.37		False
2459690.34891204	1005.36		False
2459690.34885417	1005.34		False
2459690.3487963	1005.3		False
2459690.34873843	1005.34		False
2459690.34868056	1005.34		False
2459690.34862268	1005.34		False
2459690.34856481	1005.31		False
2459690.34850694	1005.35		False
2459690.34844907	1005.31		False
2459690.3483912	1005.37		False
2459690.34833333	1005.36		False
2459690.34827546	1005.38		False
2459690.34821759	1005.36		False
2459690.34815972	1005.36		False
2459690.34810185	1005.37		False
2459690.34804398	1005.36		False
2459690.34798611	1005.35		False
2459690.34792824	1005.37		False
2459690.34787037	1005.36		False
2459690.3478125	1005.36		False
2459690.34775463	1005.37		False
2459690.34769676	1005.37		False
2459690.34763889	1005.37		False
2459690.34758102	1005.34		False
2459690.34752315	1005.35		False
2459690.34746528	1005.39		False
2459690.34740741	1005.36		False
2459690.34734954	1005.36		False
2459690.34729167	1005.36		False
2459690.3472338	1005.39		False
2459690.34717593	1005.38		False
2459690.34711806	1005.35		False
2459690.34706019	1005.34		False
2459690.34700231	1005.36		False
2459690.34694444	1005.37		False
2459690.34688657	1005.4		False
2459690.3468287	1005.35		False
2459690.34677083	1005.36		False
2459690.34671296	1005.34		False
2459690.34665509	1005.34		False
2459690.34659722	1005.34		False
2459690.34653935	1005.34		False
2459690.34648148	1005.36		False
2459690.34642361	1005.35		False
2459690.34636574	1005.36		False
2459690.34630787	1005.32		False
2459690.34625	1005.34		False
2459690.34619213	1005.33		False
2459690.34613426	1005.31		False
2459690.34607639	1005.32		False
2459690.34601852	1005.34		False
2459690.34596065	1005.37		False
2459690.34590278	1005.36		False
2459690.34584491	1005.32		False
2459690.34578704	1005.33		False
2459690.34572917	1005.32		False
2459690.3456713	1005.36		False
2459690.34561343	1005.38		False
2459690.34555556	1005.34		False
2459690.34549768	1005.33		False
2459690.34543982	1005.33		False
2459690.34538194	1005.35		False
2459690.34532407	1005.36		False
2459690.3452662	1005.34		False
2459690.34520833	1005.34		False
2459690.34515046	1005.33		False
2459690.34509259	1005.35		False
2459690.34503472	1005.3		False
2459690.34497685	1005.27		False
2459690.34491898	1005.29		False
2459690.34486111	1005.3		False
2459690.34480324	1005.3		False
2459690.34474537	1005.28		False
2459690.3446875	1005.29		False
2459690.34462963	1005.32		False
2459690.34457176	1005.28		False
2459690.34451389	1005.28		False
2459690.34445602	1005.29		False
2459690.34439815	1005.27		False
2459690.34434028	1005.27		False
2459690.34428241	1005.28		False
2459690.34422454	1005.28		False
2459690.34416667	1005.28		False
2459690.3441088	1005.27		False
2459690.34405093	1005.28		False
2459690.34399306	1005.29		False
2459690.34393518	1005.26		False
2459690.34387731	1005.28		False
2459690.34381944	1005.28		False
2459690.34376157	1005.28		False
2459690.3437037	1005.27		False
2459690.34364583	1005.29		False
2459690.34358796	1005.28		False
2459690.34353009	1005.3		False
2459690.34347222	1005.31		False
2459690.34341435	1005.31		False
2459690.34335648	1005.27		False
2459690.34329861	1005.3		False
2459690.34324074	1005.32		False
2459690.34318287	1005.3		False
2459690.343125	1005.29		False
2459690.34306713	1005.29		False
2459690.34300926	1005.32		False
2459690.34295139	1005.3		False
2459690.34289352	1005.28		False
2459690.34283565	1005.31		False
2459690.34277778	1005.29		False
2459690.34271991	1005.3		False
2459690.34266204	1005.26		False
2459690.34260417	1005.26		False
2459690.3425463	1005.27		False
2459690.34248843	1005.28		False
2459690.34243056	1005.23		False
2459690.34237268	1005.22		False
2459690.34231481	1005.27		False
2459690.34225694	1005.27		False
2459690.34219907	1005.24		False
2459690.3421412	1005.28		False
2459690.34208333	1005.25		False
2459690.34202546	1005.28		False
2459690.34196759	1005.28		False
2459690.34190972	1005.27		False
2459690.34185185	1005.24		False
2459690.34179398	1005.25		False
2459690.34173611	1005.27		False
2459690.34167824	1005.24		False
2459690.34162037	1005.23		False
2459690.3415625	1005.22		False
2459690.34150463	1005.22		False
2459690.34144676	1005.24		False
2459690.34138889	1005.22		False
2459690.34133102	1005.23		False
2459690.34127315	1005.22		False
2459690.34121528	1005.23		False
2459690.34115741	1005.25		False
2459690.34109954	1005.23		False
2459690.34104167	1005.28		False
2459690.3409838	1005.25		False
2459690.34092593	1005.24		False
2459690.34086806	1005.22		False
2459690.34081019	1005.21		False
2459690.34075231	1005.22		False
2459690.34069444	1005.22		False
2459690.34063657	1005.22		False
2459690.3405787	1005.21		False
2459690.34052083	1005.23		False
2459690.34046296	1005.22		False
2459690.34040509	1005.23		False
2459690.34034722	1005.18		False
2459690.34028935	1005.26		False
2459690.34023148	1005.26		False
2459690.34017361	1005.28		False
2459690.34011574	1005.23		False
2459690.34005787	1005.23		False
2459690.34	1005.24		False
2459690.33994213	1005.26		False
2459690.33988426	1005.25		False
2459690.33982639	1005.25		False
2459690.33976852	1005.23		False
2459690.33971065	1005.26		False
2459690.33965278	1005.2		True
2459690.33959491	1005.2		True
2459690.33953704	1005.16		True
2459690.33947917	1005.14		True
2459690.3394213	1005.13		True
2459690.33936343	1005.19		True
2459690.33930556	1005.15		True
2459690.33924769	1005.15		True
2459690.33918981	1005.15		True
2459690.33913194	1005.17		True
2459690.33907407	1005.19		True
2459690.3390162	1005.16		True
2459690.33895833	1005.16		True
2459690.33890046	1005.16		True
2459690.33884259	1005.16		True
2459690.33878472	1005.15		True
2459690.33872685	1005.12		True
2459690.33866898	1005.15		True
2459690.33861111	1005.15		True
2459690.33855324	1005.12		True
2459690.33849537	1005.12		True
2459690.3384375	1005.12		True
2459690.33837963	1005.14		True
2459690.33832176	1005.13		True
2459690.33826389	1005.14		True
2459690.33820602	1005.17		True
2459690.33814815	1005.18		True
2459690.33809028	1005.19		True
2459690.33803241	1005.19		True
2459690.33797454	1005.17		True
2459690.33791667	1005.19		True
2459690.3378588	1005.2		True
2459690.33780093	1005.22		True
2459690.33774306	1005.21		True
2459690.33768518	1005.17		True
2459690.33762732	1005.19		True
2459690.33756944	1005.19		True
2459690.33751157	1005.19		True
2459690.3374537	1005.15		True
2459690.33739583	1005.19		True
2459690.33733796	1005.14		True
2459690.33728009	1005.13		True
2459690.33722222	1005.16		True
2459690.33716435	1005.19		True
2459690.33710648	1005.17		True
2459690.33704861	1005.18		True
2459690.33699074	1005.16		True
2459690.33693287	1005.2		True
2459690.336875	1005.17		True
2459690.33681713	1005.16		True
2459690.33675926	1005.18		True
2459690.33670139	1005.16		True
2459690.33664352	1005.17		True
2459690.33658565	1005.14		True
2459690.33652778	1005.15		True
2459690.33646991	1005.19		True
2459690.33641204	1005.17		True
2459690.33634259	1005.19		True
2459690.33628472	1005.17		True
2459690.33622685	1005.16		True
2459690.33616898	1005.17		True
2459690.33611111	1005.19		True
2459690.33605324	1005.15		True
2459690.33599537	1005.18		True
2459690.3359375	1005.18		True
2459690.33586806	1005.2		True
2459690.33581019	1005.16		True
2459690.33575231	1005.17		True
2459690.33569444	1005.18		True
2459690.33563657	1005.16		True
2459690.3355787	1005.15		True
2459690.33552083	1005.14		True
2459690.33546296	1005.19		True
2459690.33539352	1005.17		True
2459690.33533565	1005.2		True
2459690.33527778	1005.19		True
2459690.33521991	1005.16		True
2459690.33516204	1005.17		True
2459690.33510417	1005.2		True
2459690.3350463	1005.16		True
2459690.33498843	1005.19		True
2459690.33491898	1005.21		True
2459690.33486111	1005.18		True
2459690.33480324	1005.15		True
2459690.33474537	1005.18		True
2459690.3346875	1005.17		True
2459690.33462963	1005.2		True
2459690.33457176	1005.17		True
2459690.33451389	1005.18		True
2459690.33444444	1005.16		True
2459690.33438657	1005.15		True
2459690.3343287	1005.16		True
2459690.33427083	1005.17		True
2459690.33420139	1005.15		True
2459690.33414352	1005.18		True
2459690.33408565	1005.18		True
2459690.33402778	1005.13		True
2459690.33396991	1005.15		True
2459690.33391204	1005.16		True
2459690.33385417	1005.16		True
2459690.3337963	1005.17		True
2459690.33372685	1005.12		True
2459690.33366898	1005.17		True
2459690.33361111	1005.19		True
2459690.33355324	1005.2		True
2459690.33349537	1005.16		True
2459690.3334375	1005.13		True
2459690.33337963	1005.15		True
2459690.33332176	1005.15		True
2459690.33325231	1005.12		True
2459690.33319444	1005.15		True
2459690.33313657	1005.15		True
2459690.3330787	1005.16		True
2459690.33300926	1005.14		True
2459690.33295139	1005.15		True
2459690.33289352	1005.14		True
2459690.33283565	1005.12		True
2459690.3327662	1005.14		True
2459690.33270833	1005.11		True
2459690.33265046	1005.15		True
2459690.33259259	1005.14		True
2459690.33252315	1005.14		True
2459690.33246528	1005.16		True
2459690.33240741	1005.18		True
2459690.33234954	1005.15		True
2459690.33228009	1005.16		True
2459690.33222222	1005.11		True
2459690.33216435	1005.13		True
2459690.33210648	1005.12		True
2459690.33203704	1005.14		True
2459690.33197917	1005.14		True
2459690.3319213	1005.13		True
2459690.33186343	1005.12		True
2459690.33179398	1005.1		True
2459690.33173611	1005.12		True
2459690.33167824	1005.1		True
2459690.33162037	1005.13		True
2459690.33155093	1005.1		True
2459690.33149306	1005.13		True
2459690.33143519	1005.13		True
2459690.33137731	1005.14		True
2459690.33131944	1005.1		True
2459690.33126157	1005.12		True
2459690.3312037	1005.14		True
2459690.33114583	1005.15		True
2459690.33107639	1005.16		True
2459690.33101852	1005.11		True
2459690.33096065	1005.12		True
2459690.33090278	1005.12		True
2459690.33083333	1005.13		True
2459690.33077546	1005.12		True
2459690.33071759	1005.11		True
2459690.33065972	1005.13		True
2459690.33059028	1005.12		True
2459690.33053241	1005.12		True
2459690.33047454	1005.11		True
2459690.33041667	1005.12		True
2459690.33034722	1005.11		True
2459690.33028935	1005.09		True
2459690.33023148	1005.11		True
2459690.33017361	1005.11		True
2459690.33011574	1005.1		True
2459690.33005787	1005.13		True
2459690.33	1005.11		True
2459690.32994213	1005.1		True
2459690.32987268	1005.1		True
2459690.32981482	1005.1		True
2459690.32975694	1005.06		True
2459690.32969907	1005.1		True
2459690.3296412	1005.09		True
2459690.32958333	1005.1		True
2459690.32952546	1005.11		True
2459690.32946759	1005.12		True
2459690.32939815	1005.13		True
2459690.32934028	1005.09		True
2459690.32928241	1005.11		True
2459690.32922454	1005.11		True
2459690.32916667	1005.12		True
2459690.3291088	1005.11		True
2459690.32905093	1005.13		True
2459690.32899306	1005.11		True
2459690.32893518	1005.13		True
2459690.32887731	1005.11		True
2459690.32881944	1005.13		True
2459690.32876157	1005.16		True
2459690.32869213	1005.13		True
2459690.32863426	1005.14		True
2459690.32857639	1005.14		True
2459690.32851852	1005.14		True
2459690.32846065	1005.1		True
2459690.32840278	1005.14		True
2459690.32834491	1005.14		True
2459690.32828704	1005.15		True
2459690.32821759	1005.14		True
2459690.32815972	1005.16		True
2459690.32810185	1005.16		True
2459690.32804398	1005.15		True
2459690.32798611	1005.15		True
2459690.32792824	1005.13		True
2459690.32787037	1005.14		True
2459690.3278125	1005.14		True
2459690.32774306	1005.15		True
2459690.32768519	1005.15		True
2459690.32762731	1005.15		True
2459690.32756944	1005.14		True
2459690.32751157	1005.15		True
2459690.3274537	1005.15		True
2459690.32739583	1005.15		True
2459690.32733796	1005.15		True
2459690.32728009	1005.13		True
2459690.32722222	1005.12		True
2459690.32716435	1005.12		True
2459690.32710648	1005.13		True
2459690.32703704	1005.14		True
2459690.32697917	1005.13		True
2459690.3269213	1005.12		True
2459690.32686343	1005.12		True
2459690.32680556	1005.12		True
2459690.32674768	1005.13		True
2459690.32668981	1005.12		True
2459690.32663194	1005.11		True
2459690.3265625	1005.13		True
2459690.32650463	1005.13		True
2459690.32644676	1005.11		True
2459690.32638889	1005.13		True
2459690.32633102	1005.14		True
2459690.32627315	1005.16		True
2459690.32621528	1005.13		True
2459690.32615741	1005.15		True
2459690.32608796	1005.15		True
2459690.32603009	1005.16		True
2459690.32597222	1005.13		True
2459690.32591435	1005.09		True
2459690.32584491	1005.12		True
2459690.32578704	1005.14		True
2459690.32572917	1005.14		True
2459690.3256713	1005.11		True
2459690.32561343	1005.14		True
2459690.32555556	1005.1		True
2459690.32549768	1005.11		True
2459690.32543981	1005.08		True
2459690.32538194	1005.11		True
2459690.32532407	1005.15		True
2459690.3252662	1005.13		True
2459690.32520833	1005.13		True
2459690.32513889	1005.1		True
2459690.32508102	1005.12		True
2459690.32502315	1005.14		True
2459690.32496528	1005.06		True
2459690.32489583	1005.12		True
2459690.32483796	1005.09		True
2459690.32478009	1005.14		True
2459690.32472222	1005.11		True
2459690.32465278	1005.1		True
2459690.32459491	1005.06		True
2459690.32453704	1005.1		True
2459690.32447917	1005.12		True
2459690.3244213	1005.14		True
2459690.32436343	1005.11		True
2459690.32430556	1005.09		True
2459690.32424769	1005.13		True
2459690.32417824	1005.12		True
2459690.32412037	1005.11		True
2459690.3240625	1005.12		True
2459690.32400463	1005.12		True
2459690.32393518	1005.15		True
2459690.32387731	1005.11		True
2459690.32381944	1005.13		True
2459690.32376157	1005.11		True
2459690.3237037	1005.14		True
2459690.32364583	1005.13		True
2459690.32358796	1005.07		True
2459690.32353009	1005.07		True
2459690.32346065	1005.14		True
2459690.32340278	1005.11		True
2459690.32334491	1005.11		True
2459690.32328704	1005.11		True
2459690.32321759	1005.1		True
2459690.32315972	1005.09		True
2459690.32310185	1005.08		True
2459690.32304398	1005.08		True
2459690.32297454	1005.11		True
2459690.32291667	1005.1		True
2459690.3228588	1005.06		True
2459690.32280093	1005.09		True
2459690.32274306	1005.08		True
2459690.32268519	1005.08		True
2459690.32262731	1005.1		True
2459690.32256944	1005.07		True
2459690.3225	1005.08		True
2459690.32244213	1005.08		True
2459690.32238426	1005.11		True
2459690.32232639	1005.07		True
2459690.32225694	1005.06		True
2459690.32219907	1005.07		True
2459690.3221412	1005.05		True
2459690.32208333	1005.06		True
2459690.32202546	1005.08		True
2459690.32196759	1005.06		True
2459690.32190972	1005.03		True
2459690.32185185	1005.03		True
2459690.32178241	1005.07		True
2459690.32172454	1005.05		True
2459690.32166667	1005.06		True
2459690.3216088	1005.05		True
2459690.32153935	1005.03		True
2459690.32148148	1005.06		True
2459690.32142361	1005.07		True
2459690.32136574	1005.08		True
2459690.32130787	1005.07		True
2459690.32125	1005.06		True
2459690.32119213	1005.05		True
2459690.32113426	1005.04		True
2459690.32107639	1005.07		True
2459690.32101852	1005.06		True
2459690.32096065	1005.09		True
2459690.32090278	1005.07		True
2459690.32083333	1005.08		True
2459690.32077546	1005.06		True
2459690.32071759	1005.04		True
2459690.32065972	1005.05		True
2459690.32059028	1005.05		True
2459690.32053241	1005.08		True
2459690.32047454	1005.06		True
2459690.32041667	1005.04		True
2459690.3203588	1005.03		True
2459690.32030093	1005.03		True
2459690.32024306	1005.06		True
2459690.32018519	1005.03		True
2459690.32011574	1005.02		True
2459690.32005787	1005.05		True
2459690.32	1005.02		True
2459690.31994213	1005.03		True
2459690.31987269	1005.05		True
2459690.31981481	1005.01		True
2459690.31975694	1005.02		True
2459690.31969907	1005.03		True
2459690.31962963	1005.03		True
2459690.31957176	1005.04		True
2459690.31951389	1005.06		True
2459690.31945602	1005.06		True
2459690.31938657	1005.04		True
2459690.3193287	1005.06		True
2459690.31927083	1005.05		True
2459690.31921296	1005.04		True
2459690.31914352	1005.04		True
2459690.31908565	1005.05		True
2459690.31902778	1005.06		True
2459690.31896991	1005.05		True
2459690.31891204	1005.04		True
2459690.31885417	1005.05		True
2459690.3187963	1005.04		True
2459690.31873843	1005.07		True
2459690.31866898	1005.08		True
2459690.31861111	1005.07		True
2459690.31855324	1005.05		True
2459690.31849537	1005.01		True
2459690.3184375	1005.01		True
2459690.31837963	1005.07		True
2459690.31832176	1005.05		True
2459690.31826389	1005.07		True
2459690.31820602	1005.05		True
2459690.31814815	1005.09		True
2459690.31809028	1005.09		True
2459690.31803241	1005.08		True
2459690.31796296	1005.07		True
2459690.31790509	1005.08		True
2459690.31784722	1005.08		True
2459690.31778935	1005.09		True
2459690.31773148	1005.11		True
2459690.31767361	1005.08		True
2459690.31761574	1005.1		True
2459690.31755787	1005.1		True
2459690.31748843	1005.08		True
2459690.31743056	1005.08		True
2459690.31737269	1005.1		True
2459690.31731481	1005.1		True
2459690.31725694	1005.09		True
2459690.31719907	1005.11		True
2459690.3171412	1005.07		True
2459690.31708333	1005.07		True
2459690.31701389	1005.08		True
2459690.31695602	1005.09		True
2459690.31689815	1005.09		True
2459690.31684028	1005.11		True
2459690.31677083	1005.11		True
2459690.31671296	1005.1		True
2459690.31665509	1005.1		True
2459690.31659722	1005.09		True
2459690.31653935	1005.08		True
2459690.31648148	1005.09		True
2459690.31642361	1005.1		True
2459690.31636574	1005.1		True
2459690.3162963	1005.09		True
2459690.31623843	1005.09		True
2459690.31618056	1005.09		True
2459690.31612268	1005.11		True
2459690.31606481	1005.14		True
2459690.31600694	1005.1		True
2459690.31594907	1005.1		True
2459690.3158912	1005.08		True
2459690.31582176	1005.06		True
2459690.31576389	1005.1		True
2459690.31570602	1005.11		True
2459690.31564815	1005.11		True
2459690.3155787	1005.13		True
2459690.31552083	1005.07		True
2459690.31546296	1005.06		True
2459690.31540509	1005.09		True
2459690.31534722	1005.09		True
2459690.31528935	1005.06		True
2459690.31523148	1005.08		True
2459690.31517361	1005.06		True
2459690.31510417	1005.08		True
2459690.3150463	1005.08		True
2459690.31498843	1005.1		True
2459690.31493056	1005.07		True
2459690.31486111	1005.09		True
2459690.31480324	1005.09		True
2459690.31474537	1005.11		True
2459690.3146875	1005.07		True
2459690.31461806	1005.07		True
2459690.31456019	1005.12		True
2459690.31450231	1005.13		True
2459690.31444444	1005.13		True
2459690.31438657	1005.13		True
2459690.3143287	1005.16		True
2459690.31427083	1005.15		True
2459690.31421296	1005.13		True
2459690.31414352	1005.12		True
2459690.31408565	1005.14		True
2459690.31402778	1005.11		True
2459690.31396991	1005.15		True
2459690.31390046	1005.12		True
2459690.31384259	1005.14		True
2459690.31378472	1005.1		True
2459690.31372685	1005.12		True
2459690.31366898	1005.15		True
2459690.31361111	1005.13		True
2459690.31355324	1005.13		True
2459690.31349537	1005.15		True
2459690.3134375	1005.14		True
2459690.31337963	1005.15		True
2459690.31332176	1005.14		True
2459690.31326389	1005.15		True
2459690.31319444	1005.11		True
2459690.31313657	1005.12		True
2459690.3130787	1005.12		True
2459690.31302083	1005.12		True
2459690.31296296	1005.14		True
2459690.31290509	1005.15		True
2459690.31284722	1005.15		True
2459690.31278935	1005.15		True
2459690.31273148	1005.12		True
2459690.31267361	1005.12		True
2459690.31261574	1005.12		True
2459690.31255787	1005.14		True
2459690.31248843	1005.16		True
2459690.31243056	1005.15		True
2459690.31237269	1005.16		True
2459690.31231481	1005.19		True
2459690.31224537	1005.14		True
2459690.31219907	1005.17		True
2459690.31212963	1005.15		True
2459690.31207176	1005.15		True
2459690.31201389	1005.17		True
2459690.31195602	1005.13		True
2459690.31189815	1005.17		True
2459690.31184028	1005.15		True
2459690.31177083	1005.15		True
2459690.31171296	1005.16		True
2459690.31165509	1005.16		True
2459690.31159722	1005.18		True
2459690.31152778	1005.16		True
2459690.31146991	1005.14		True
2459690.31141204	1005.11		True
2459690.31135417	1005.14		True
2459690.31128472	1005.14		True
2459690.31122685	1005.14		True
2459690.31116898	1005.12		True
2459690.31111111	1005.12		True
2459690.31105324	1005.11		True
2459690.31099537	1005.12		True
2459690.3109375	1005.12		True
2459690.31087963	1005.15		True
2459690.31081018	1005.13		True
2459690.31075232	1005.12		True
2459690.31069444	1005.12		True
2459690.31063657	1005.13		True
2459690.31056713	1005.13		True
2459690.31050926	1005.14		True
2459690.31045139	1005.12		True
2459690.31039352	1005.13		True
2459690.31033565	1005.17		True
2459690.31027778	1005.16		True
2459690.31021991	1005.17		True
2459690.31016204	1005.18		True
2459690.31010417	1005.15		True
2459690.3100463	1005.13		True
2459690.30998843	1005.14		True
2459690.30993056	1005.16		True
2459690.30986111	1005.11		True
2459690.30980324	1005.15		True
2459690.30974537	1005.12		True
2459690.3096875	1005.15		True
2459690.30962963	1005.16		True
2459690.30957176	1005.15		True
2459690.30951389	1005.14		True
2459690.30945602	1005.14		True
2459690.30939815	1005.13		True
2459690.30934028	1005.16		True
2459690.30928241	1005.13		True
2459690.30922454	1005.09		True
2459690.30915509	1005.07		True
2459690.30909722	1005.06		True
2459690.30905093	1005.06		True
2459690.30898148	1005.06		True
2459690.30892361	1005.14		True
2459690.30886574	1005.14		True
2459690.30880787	1005.15		True
2459690.30875	1005.17		True
2459690.30869213	1005.16		True
2459690.30863426	1005.12		True
2459690.30857639	1005.15		True
2459690.30851852	1005.15		True
2459690.30844907	1005.16		True
2459690.3083912	1005.17		True
2459690.30833333	1005.17		True
2459690.30827546	1005.14		True
2459690.30820602	1005.15		True
2459690.30814815	1005.14		True
2459690.30809028	1005.17		True
2459690.30803241	1005.15		True
2459690.30797454	1005.16		True
2459690.30791667	1005.15		True
2459690.3078588	1005.15		True
2459690.30780093	1005.11		True
2459690.30773148	1005.13		True
2459690.30767361	1005.11		True
2459690.30761574	1005.14		True
2459690.30755787	1005.16		True
2459690.30748843	1005.19		True
2459690.30743056	1005.19		True
2459690.30737269	1005.16		True
2459690.30731481	1005.15		True
2459690.30725694	1005.15		True
2459690.30719907	1005.15		True
2459690.3071412	1005.16		True
2459690.30708333	1005.13		True
2459690.30701389	1005.14		True
2459690.30695602	1005.16		True
2459690.30689815	1005.14		True
2459690.30684028	1005.13		True
2459690.30677083	1005.14		True
2459690.30671296	1005.13		True
2459690.30665509	1005.12		True
2459690.30659722	1005.15		True
2459690.30652778	1005.09		True
2459690.30646991	1005.18		True
2459690.30641204	1005.14		True
2459690.30635417	1005.14		True
2459690.30628472	1005.14		True
2459690.30622685	1005.14		True
2459690.30616898	1005.15		True
2459690.30611111	1005.14		True
2459690.30604167	1005.17		True
2459690.3059838	1005.18		True
2459690.30592593	1005.19		True
2459690.30586806	1005.17		True
2459690.30581019	1005.2		True
2459690.30575231	1005.18		True
2459690.30569444	1005.19		True
2459690.30563657	1005.2		True
2459690.30556713	1005.22		True
2459690.30550926	1005.2		True
2459690.30545139	1005.18		True
2459690.30539352	1005.17		True
2459690.30532407	1005.21		True
2459690.3052662	1005.19		True
2459690.30520833	1005.21		True
2459690.30515046	1005.21		True
2459690.30508102	1005.23		True
2459690.30502315	1005.21		True
2459690.30496528	1005.21		True
2459690.30490741	1005.2		True
2459690.30483796	1005.18		True
2459690.30478009	1005.22		True
2459690.30472222	1005.2		True
2459690.30466435	1005.22		True
2459690.30459491	1005.21		True
2459690.30453704	1005.19		True
2459690.30447917	1005.22		True
2459690.3044213	1005.22		True
2459690.30435185	1005.19		True
2459690.30429398	1005.2		True
2459690.30423611	1005.16		True
2459690.30417824	1005.18		True
2459690.30412037	1005.18		True
2459690.3040625	1005.16		True
2459690.30400463	1005.15		True
2459690.30394676	1005.15		True
2459690.30387731	1005.14		True
2459690.30381944	1005.17		True
2459690.30376157	1005.14		True
2459690.3037037	1005.16		True
2459690.30364583	1005.2		True
2459690.30358796	1005.16		True
2459690.30353009	1005.19		True
2459690.30347222	1005.16		True
2459690.30341435	1005.19		True
2459690.30335648	1005.18		True
2459690.30329861	1005.19		True
2459690.30324074	1005.2		True
2459690.30318287	1005.17		True
2459690.303125	1005.16		True
2459690.30306713	1005.17		True
2459690.30300926	1005.17		True
2459690.30295139	1005.17		True
2459690.30289352	1005.18		True
2459690.30283565	1005.18		True
2459690.30277778	1005.21		True
2459690.30271991	1005.19		True
2459690.30266204	1005.17		True
2459690.30260417	1005.19		True
2459690.3025463	1005.2		True
2459690.30248843	1005.18		True
2459690.30243056	1005.2		True
2459690.30237269	1005.19		True
2459690.30231481	1005.17		True
2459690.30225694	1005.19		True
2459690.30219907	1005.17		True
2459690.3021412	1005.19		True
2459690.30208333	1005.21		True
2459690.30202546	1005.19		True
2459690.30196759	1005.17		True
2459690.30190972	1005.2		True
2459690.30185185	1005.17		True
2459690.30179398	1005.18		True
2459690.30173611	1005.18		True
2459690.30167824	1005.18		True
2459690.30162037	1005.2		True
2459690.3015625	1005.2		True
2459690.30150463	1005.22		True
2459690.30144676	1005.2		True
2459690.30138889	1005.19		True
2459690.30133102	1005.23		True
2459690.30127315	1005.21		True
2459690.30121528	1005.22		True
2459690.30115741	1005.21		True
2459690.30109954	1005.18		True
2459690.30104167	1005.18		True
2459690.3009838	1005.17		True
2459690.30092593	1005.2		True
2459690.30086806	1005.21		True
2459690.30081019	1005.2		True
2459690.30075231	1005.17		True
2459690.30069444	1005.18		True
2459690.30063657	1005.2		True
2459690.3005787	1005.21		True
2459690.30052083	1005.17		True
2459690.30046296	1005.19		True
2459690.30040509	1005.2		True
2459690.30034722	1005.21		True
2459690.30028935	1005.22		True
2459690.30023148	1005.23		True
2459690.30017361	1005.19		True
2459690.30011574	1005.23		True
2459690.30005787	1005.21		True
2459690.3	1005.19		True
2459690.29994213	1005.22		True
2459690.29988426	1005.18		True
2459690.29982639	1005.22		True
2459690.29976852	1005.2		True
2459690.29971065	1005.22		True
2459690.29965278	1005.22		True
2459690.29959491	1005.21		True
2459690.29953704	1005.22		True
2459690.29947917	1005.22		True
2459690.2994213	1005.21		True
2459690.29936343	1005.21		True
2459690.29930556	1005.22		True
2459690.29924769	1005.23		True
2459690.29918981	1005.24		True
2459690.29913194	1005.23		False
2459690.29907407	1005.23		False
2459690.2990162	1005.22		False
2459690.29895833	1005.24		False
2459690.29890046	1005.24		False
2459690.29884259	1005.22		False
2459690.29878472	1005.21		False
2459690.29872685	1005.21		False
2459690.29866898	1005.23		False
2459690.29861111	1005.2		False
2459690.29855324	1005.24		False
2459690.29849537	1005.18		False
2459690.2984375	1005.19		False
2459690.29837963	1005.22		False
2459690.29832176	1005.2		False
2459690.29826389	1005.17		False
2459690.29820602	1005.21		False
2459690.29814815	1005.22		False
2459690.29809028	1005.22		False
2459690.29803241	1005.21		False
2459690.29797454	1005.17		False
2459690.29791667	1005.21		False
2459690.2978588	1005.21		False
2459690.29780093	1005.19		False
2459690.29774306	1005.2		False
2459690.29768518	1005.22		False
2459690.29762731	1005.22		False
2459690.29756944	1005.24		False
2459690.29751157	1005.23		False
2459690.2974537	1005.25		False
2459690.29739583	1005.23		False
2459690.29733796	1005.22		False
2459690.29728009	1005.24		False
2459690.29722222	1005.24		False
2459690.29716435	1005.23		False
2459690.29710648	1005.23		False
2459690.29704861	1005.22		False
2459690.29699074	1005.2		False
2459690.29693287	1005.21		False
2459690.296875	1005.23		False
2459690.29681713	1005.21		False
2459690.29675926	1005.21		False
2459690.29670139	1005.23		False
2459690.29664352	1005.25		False
2459690.29658565	1005.23		False
2459690.29652778	1005.21		False
2459690.29646991	1005.24		False
2459690.29641204	1005.21		False
2459690.29635417	1005.22		False
2459690.2962963	1005.21		False
2459690.29623843	1005.24		False
2459690.29618056	1005.25		False
2459690.29612269	1005.22		False
2459690.29606481	1005.23		False
2459690.29600694	1005.26		False
2459690.29594907	1005.24		False
2459690.2958912	1005.23		False
2459690.29583333	1005.24		False
2459690.29577546	1005.26		False
2459690.29571759	1005.28		False
2459690.29565972	1005.27		False
2459690.29560185	1005.28		False
2459690.29554398	1005.26		False
2459690.29548611	1005.24		False
2459690.29542824	1005.26		False
2459690.29537037	1005.24		False
2459690.2953125	1005.24		False
2459690.29525463	1005.25		False
2459690.29519676	1005.23		False
2459690.29513889	1005.27		False
2459690.29508102	1005.24		False
2459690.29502315	1005.28		False
2459690.29496528	1005.28		False
2459690.29490741	1005.23		False
2459690.29484954	1005.22		False
2459690.29479167	1005.21		False
2459690.2947338	1005.26		False
2459690.29467593	1005.26		False
2459690.29461806	1005.29		False
2459690.29456019	1005.25		False
2459690.29450231	1005.29		False
2459690.29444444	1005.28		False
2459690.29438657	1005.28		False
2459690.2943287	1005.27		False
2459690.29427083	1005.3		False
2459690.29421296	1005.27		False
2459690.29415509	1005.28		False
2459690.29409722	1005.29		False
2459690.29403935	1005.31		False
2459690.29398148	1005.28		False
2459690.29392361	1005.31		False
2459690.29386574	1005.29		False
2459690.29380787	1005.26		False
2459690.29375	1005.31		False
2459690.29369213	1005.28		False
2459690.29363426	1005.3		False
2459690.29357639	1005.28		False
2459690.29351852	1005.31		False
2459690.29346065	1005.26		False
2459690.29340278	1005.27		False
2459690.29334491	1005.3		False
2459690.29328704	1005.28		False
2459690.29322917	1005.24		False
2459690.2931713	1005.28		False
2459690.29311343	1005.28		False
2459690.29305556	1005.29		False
2459690.29299769	1005.28		False
2459690.29293981	1005.28		False
2459690.29288194	1005.3		False
2459690.29282407	1005.29		False
2459690.2927662	1005.27		False
2459690.29270833	1005.31		False
2459690.29265046	1005.28		False
2459690.29259259	1005.27		False
2459690.29253472	1005.29		False
2459690.29247685	1005.26		False
2459690.29241898	1005.31		False
2459690.29236111	1005.29		False
2459690.29230324	1005.24		False
2459690.29224537	1005.26		False
2459690.2921875	1005.27		False
2459690.29212963	1005.3		False
2459690.29207176	1005.29		False
2459690.29201389	1005.27		False
2459690.29195602	1005.28		False
2459690.29189815	1005.29		False
2459690.29184028	1005.27		False
2459690.29178241	1005.29		False
2459690.29172454	1005.31		False
2459690.29166667	1005.29		False
2459690.2916088	1005.31		False
2459690.29155093	1005.31		False
2459690.29149306	1005.29		False
2459690.29143519	1005.28		False
2459690.29137731	1005.3		False
2459690.29131944	1005.3		False
2459690.29126157	1005.28		False
2459690.2912037	1005.28		False
2459690.29114583	1005.32		False
2459690.29108796	1005.32		False
2459690.29103009	1005.31		False
2459690.29097222	1005.32		False
2459690.29091435	1005.33		False
2459690.29085648	1005.33		False
2459690.29079861	1005.35		False
2459690.29074074	1005.36		False
2459690.29068287	1005.37		False
2459690.290625	1005.36		False
2459690.29056713	1005.34		False
2459690.29050926	1005.33		False
2459690.29045139	1005.33		False
2459690.29039352	1005.35		False
2459690.29033565	1005.35		False
2459690.29027778	1005.32		False
2459690.29021991	1005.32		False
2459690.29016204	1005.34		False
2459690.29010417	1005.35		False
2459690.2900463	1005.35		False
2459690.28998843	1005.31		False
2459690.28993056	1005.34		False
2459690.28987269	1005.3		False
2459690.28981481	1005.27		False
2459690.28975694	1005.25		False
2459690.28969907	1005.28		False
2459690.2896412	1005.27		False
2459690.28958333	1005.26		False
2459690.28952546	1005.32		False
2459690.28946759	1005.26		False
2459690.28940972	1005.27		False
2459690.28935185	1005.3		False
2459690.28929398	1005.25		False
2459690.28923611	1005.24		False
2459690.28917824	1005.26		False
2459690.28912037	1005.23		False
2459690.2890625	1005.26		False
2459690.28900463	1005.23		False
2459690.28894676	1005.27		False
2459690.28888889	1005.25		False
2459690.28883102	1005.26		False
2459690.28877315	1005.25		False
2459690.28871528	1005.25		False
2459690.28865741	1005.23		False
2459690.28859954	1005.24		False
2459690.28854167	1005.25		False
2459690.2884838	1005.23		False
2459690.28842593	1005.26		False
2459690.28836806	1005.27		False
2459690.28831019	1005.26		False
2459690.28825231	1005.21		False
2459690.28819444	1005.22		False
2459690.28813657	1005.24		False
2459690.2880787	1005.23		False
2459690.28802083	1005.22		False
2459690.28796296	1005.23		False
2459690.28790509	1005.2		False
2459690.28784722	1005.22		False
2459690.28778935	1005.21		False
2459690.28773148	1005.21		False
2459690.28767361	1005.23		False
2459690.28761574	1005.22		False
2459690.28755787	1005.23		False
2459690.2875	1005.25		False
2459690.28744213	1005.26		False
2459690.28738426	1005.23		False
2459690.28732639	1005.22		False
2459690.28726852	1005.24		False
2459690.28721065	1005.29		False
2459690.28715278	1005.25		False
2459690.28709491	1005.27		False
2459690.28703704	1005.24		False
2459690.28697917	1005.25		False
2459690.2869213	1005.28		False
2459690.28686343	1005.24		False
2459690.28680556	1005.23		False
2459690.28674769	1005.27		False
2459690.28668981	1005.28		False
2459690.28663194	1005.24		False
2459690.28657407	1005.26		False
2459690.2865162	1005.27		False
2459690.28645833	1005.26		False
2459690.28640046	1005.23		False
2459690.28634259	1005.23		False
2459690.28628472	1005.24		False
2459690.28622685	1005.26		False
2459690.28616898	1005.26		False
2459690.28611111	1005.26		False
2459690.28605324	1005.26		False
2459690.28599537	1005.25		False
2459690.2859375	1005.25		False
2459690.28587963	1005.27		False
2459690.28582176	1005.27		False
2459690.28576389	1005.24		False
2459690.28570602	1005.28		False
2459690.28564815	1005.27		False
2459690.28559028	1005.25		False
2459690.28553241	1005.27		False
2459690.28547454	1005.28		False
2459690.28541667	1005.26		False
2459690.2853588	1005.28		False
2459690.28530093	1005.27		False
2459690.28524306	1005.25		False
2459690.28518519	1005.26		False
2459690.28512731	1005.28		False
2459690.28506944	1005.26		False
2459690.28501157	1005.28		False
2459690.2849537	1005.27		False
2459690.28489583	1005.26		False
2459690.28483796	1005.27		False
2459690.28478009	1005.24		False
2459690.28472222	1005.26		False
2459690.28466435	1005.23		False
2459690.28460648	1005.27		False
2459690.28454861	1005.24		False
2459690.28449074	1005.22		False
2459690.28443287	1005.23		False
2459690.284375	1005.22		False
2459690.28431713	1005.24		False
2459690.28425926	1005.24		False
2459690.28420139	1005.21		False
2459690.28414352	1005.25		False
2459690.28408565	1005.25		False
2459690.28402778	1005.22		False
2459690.28396991	1005.28		False
2459690.28391204	1005.26		False
2459690.28385417	1005.26		False
2459690.2837963	1005.25		False
2459690.28373843	1005.24		False
2459690.28368056	1005.23		False
2459690.28362269	1005.23		False
2459690.28356481	1005.22		False
2459690.28350694	1005.25		False
2459690.28344907	1005.22		False
2459690.2833912	1005.23		False
2459690.28333333	1005.23		False
2459690.28327546	1005.24		False
2459690.28321759	1005.21		False
2459690.28315972	1005.25		False
2459690.28310185	1005.24		False
2459690.28304398	1005.25		False
2459690.28298611	1005.23		False
2459690.28292824	1005.25		False
2459690.28287037	1005.25		False
2459690.2828125	1005.24		False
2459690.28275463	1005.27		False
2459690.28269676	1005.29		False
2459690.28263889	1005.26		False
2459690.28258102	1005.26		False
2459690.28252315	1005.26		False
2459690.28246528	1005.28		False
2459690.28240741	1005.26		False
2459690.28234954	1005.29		False
2459690.28229167	1005.28		False
2459690.2822338	1005.27		False
2459690.28217593	1005.29		False
2459690.28211806	1005.3		False
2459690.28206019	1005.29		False
2459690.28200231	1005.28		False
2459690.28194444	1005.26		False
2459690.28188657	1005.29		False
2459690.2818287	1005.3		False
2459690.28177083	1005.29		False
2459690.28171296	1005.29		False
2459690.28165509	1005.28		False
2459690.28159722	1005.32		False
2459690.28153935	1005.31		False
2459690.28148148	1005.31		False
2459690.28142361	1005.3		False
2459690.28136574	1005.31		False
2459690.28130787	1005.3		False
2459690.28125	1005.27		False
2459690.28119213	1005.31		False
2459690.28113426	1005.3		False
2459690.28107639	1005.32		False
2459690.28101852	1005.27		False
2459690.28096065	1005.3		False
2459690.28090278	1005.27		False
2459690.28084491	1005.28		False
2459690.28078704	1005.31		False
2459690.28072917	1005.27		False
2459690.2806713	1005.29		False
2459690.28061343	1005.29		False
2459690.28055556	1005.3		False
2459690.28049769	1005.29		False
2459690.28043981	1005.28		False
2459690.28038194	1005.27		False
2459690.28032407	1005.28		False
2459690.2802662	1005.28		False
2459690.28020833	1005.3		False
2459690.28015046	1005.29		False
2459690.28009259	1005.28		False
2459690.28003472	1005.28		False
2459690.27997685	1005.3		False
2459690.27991898	1005.28		False
2459690.27986111	1005.28		False
2459690.27980324	1005.31		False
2459690.27974537	1005.29		False
2459690.2796875	1005.32		False
2459690.27962963	1005.29		False
2459690.27957176	1005.28		False
2459690.27951389	1005.3		False
2459690.27945602	1005.3		False
2459690.27939815	1005.28		False
2459690.27934028	1005.24		False
2459690.27928241	1005.29		False
2459690.27922454	1005.31		False
2459690.27916667	1005.28		False
2459690.2791088	1005.26		False
2459690.27905093	1005.28		False
2459690.27899306	1005.28		False
2459690.27893519	1005.29		False
2459690.27887731	1005.3		False
2459690.27881944	1005.29		False
2459690.27876157	1005.27		False
2459690.2787037	1005.28		False
2459690.27864583	1005.28		False
2459690.27858796	1005.3		False
2459690.27853009	1005.28		False
2459690.27847222	1005.31		False
2459690.27841435	1005.31		False
2459690.27835648	1005.3		False
2459690.27829861	1005.29		False
2459690.27824074	1005.27		False
2459690.27818287	1005.29		False
2459690.278125	1005.31		False
2459690.27806713	1005.29		False
2459690.27800926	1005.29		False
2459690.27795139	1005.3		False
2459690.27789352	1005.29		False
2459690.27783565	1005.27		False
2459690.27777778	1005.28		False
2459690.27771991	1005.3		False
2459690.27766204	1005.26		False
2459690.27760417	1005.23		False
2459690.2775463	1005.24		False
2459690.27748843	1005.26		False
2459690.27743056	1005.26		False
2459690.27737269	1005.28		False
2459690.27731481	1005.27		False
2459690.27725694	1005.3		False
2459690.27719907	1005.29		False
2459690.2771412	1005.29		False
2459690.27708333	1005.29		False
2459690.27702546	1005.27		False
2459690.27696759	1005.31		False
2459690.27690972	1005.34		False
2459690.27685185	1005.33		False
2459690.27679398	1005.3		False
2459690.27673611	1005.32		False
2459690.27667824	1005.32		False
2459690.27662037	1005.34		False
2459690.2765625	1005.31		False
2459690.27650463	1005.28		False
2459690.27644676	1005.31		False
2459690.27638889	1005.31		False
2459690.27633102	1005.31		False
2459690.27627315	1005.32		False
2459690.27621528	1005.31		False
2459690.27615741	1005.31		False
2459690.27609954	1005.3		False
2459690.27604167	1005.31		False
2459690.2759838	1005.28		False
2459690.27592593	1005.33		False
2459690.27586806	1005.3		False
2459690.27581019	1005.3		False
2459690.27575231	1005.32		False
2459690.27569444	1005.3		False
2459690.27563657	1005.32		False
2459690.2755787	1005.31		False
2459690.27552083	1005.3		False
2459690.27546296	1005.29		False
2459690.27540509	1005.28		False
2459690.27534722	1005.3		False
2459690.27528935	1005.29		False
2459690.27523148	1005.29		False
2459690.27517361	1005.3		True
2459690.27511574	1005.29		True
2459690.27505787	1005.31		True
2459690.27494213	1005.3		True
2459690.27488426	1005.29		True
2459690.27482639	1005.3		True
2459690.27476852	1005.33		True
2459690.27471065	1005.28		True
2459690.27465278	1005.29		True
2459690.27459491	1005.3		True
2459690.27453704	1005.32		True
2459690.27447917	1005.32		True
2459690.2744213	1005.31		True
2459690.27436343	1005.29		True
2459690.27430556	1005.32		True
2459690.27424769	1005.32		True
2459690.27418981	1005.35		True
2459690.27413194	1005.36		True
2459690.27407407	1005.33		True
2459690.2740162	1005.34		True
2459690.27395833	1005.34		True
2459690.27390046	1005.35		True
2459690.27384259	1005.32		True
2459690.27378472	1005.34		True
2459690.27372685	1005.34		True
2459690.27366898	1005.34		True
2459690.27361111	1005.33		True
2459690.27355324	1005.35		True
2459690.27349537	1005.31		True
2459690.2734375	1005.33		True
2459690.27337963	1005.32		True
2459690.27332176	1005.33		True
2459690.27326389	1005.36		True
2459690.27320602	1005.32		True
2459690.27314815	1005.33		True
2459690.27309028	1005.32		True
2459690.27303241	1005.34		True
2459690.27297454	1005.36		True
2459690.27291667	1005.33		True
2459690.2728588	1005.32		True
2459690.27280093	1005.32		True
2459690.27274306	1005.33		True
2459690.27268519	1005.32		True
2459690.27262731	1005.3		True
2459690.27256944	1005.31		True
2459690.27251157	1005.32		True
2459690.2724537	1005.35		True
2459690.27239583	1005.31		True
2459690.27233796	1005.32		True
2459690.27228009	1005.32		True
2459690.27222222	1005.31		True
2459690.27216435	1005.34		True
2459690.27210648	1005.31		True
2459690.27204861	1005.34		True
2459690.27199074	1005.32		True
2459690.2719213	1005.34		True
2459690.27186343	1005.35		True
2459690.27180556	1005.33		True
2459690.27174768	1005.3		True
2459690.27168981	1005.33		True
2459690.27163194	1005.33		True
2459690.27157407	1005.32		True
2459690.2715162	1005.32		True
2459690.27144676	1005.35		True
2459690.27138889	1005.35		True
2459690.27133102	1005.31		True
2459690.27127315	1005.32		True
2459690.27121528	1005.34		True
2459690.27115741	1005.34		True
2459690.27109954	1005.32		True
2459690.27104167	1005.31		True
2459690.27097222	1005.34		True
2459690.27091435	1005.29		True
2459690.27085648	1005.33		True
2459690.27079861	1005.34		True
2459690.27074074	1005.33		True
2459690.27068287	1005.34		True
2459690.270625	1005.34		True
2459690.27056713	1005.32		True
2459690.27049769	1005.35		True
2459690.27043981	1005.34		True
2459690.27038194	1005.36		True
2459690.27032407	1005.35		True
2459690.2702662	1005.34		True
2459690.27020833	1005.35		True
2459690.27015046	1005.35		True
2459690.27009259	1005.34		True
2459690.27002315	1005.3		True
2459690.26996528	1005.31		True
2459690.26990741	1005.36		True
2459690.26984954	1005.3		True
2459690.26979167	1005.33		True
2459690.2697338	1005.32		True
2459690.26967593	1005.33		True
2459690.26961806	1005.29		True
2459690.26954861	1005.31		True
2459690.26949074	1005.32		True
2459690.26943287	1005.32		True
2459690.269375	1005.33		True
2459690.26930556	1005.31		True
2459690.26924769	1005.29		True
2459690.26918981	1005.31		True
2459690.26913194	1005.3		True
2459690.2690625	1005.32		True
2459690.26900463	1005.31		True
2459690.26894676	1005.33		True
2459690.26888889	1005.29		True
2459690.26881944	1005.31		True
2459690.26876157	1005.32		True
2459690.2687037	1005.3		True
2459690.26864583	1005.28		True
2459690.26857639	1005.3		True
2459690.26851852	1005.29		True
2459690.26846065	1005.27		True
2459690.26840278	1005.29		True
2459690.26834491	1005.29		True
2459690.26828704	1005.28		True
2459690.26822917	1005.23		True
2459690.2681713	1005.24		True
2459690.26810185	1005.23		True
2459690.26804398	1005.22		True
2459690.26798611	1005.22		True
2459690.26792824	1005.23		True
2459690.2678588	1005.21		True
2459690.26780093	1005.27		True
2459690.26774306	1005.27		True
2459690.26768519	1005.25		True
2459690.26761574	1005.22		True
2459690.26755787	1005.22		True
2459690.2675	1005.25		True
2459690.26744213	1005.26		True
2459690.26737268	1005.27		True
2459690.26731481	1005.25		True
2459690.26725694	1005.21		True
2459690.26719907	1005.22		True
2459690.26712963	1005.25		True
2459690.26707176	1005.24		True
2459690.26701389	1005.24		True
2459690.26695602	1005.22		True
2459690.26688657	1005.24		True
2459690.2668287	1005.2		True
2459690.26677083	1005.21		True
2459690.26671296	1005.23		True
2459690.26665509	1005.22		True
2459690.26659722	1005.2		True
2459690.26653935	1005.22		True
2459690.26648148	1005.21		True
2459690.26641204	1005.22		True
2459690.26635417	1005.21		True
2459690.2662963	1005.23		True
2459690.26623843	1005.22		True
2459690.26616898	1005.24		True
2459690.26611111	1005.24		True
2459690.26605324	1005.22		True
2459690.26599537	1005.23		True
2459690.26592593	1005.26		True
2459690.26586806	1005.25		True
2459690.26581019	1005.24		True
2459690.26575231	1005.21		True
2459690.26569444	1005.23		True
2459690.26563657	1005.21		True
2459690.2655787	1005.24		True
2459690.26552083	1005.24		True
2459690.26545139	1005.25		True
2459690.26539352	1005.26		True
2459690.26533565	1005.26		True
2459690.26527778	1005.25		True
2459690.26520833	1005.2		True
2459690.26515046	1005.26		True
2459690.26509259	1005.25		True
2459690.26503472	1005.24		True
2459690.26497685	1005.23		True
2459690.26491898	1005.23		True
2459690.26486111	1005.26		True
2459690.26480324	1005.26		True
2459690.2647338	1005.25		True
2459690.26467593	1005.25		True
2459690.26461806	1005.24		True
2459690.26456019	1005.24		True
2459690.26449074	1005.26		True
2459690.26443287	1005.23		True
2459690.264375	1005.21		True
2459690.26431713	1005.23		True
2459690.26424769	1005.23		True
2459690.26418981	1005.26		True
2459690.26413194	1005.23		True
2459690.26407407	1005.2		True
2459690.2640162	1005.2		True
2459690.26395833	1005.24		True
2459690.26390046	1005.19		True
2459690.26384259	1005.23		True
2459690.26377315	1005.22		True
2459690.26371528	1005.2		True
2459690.26365741	1005.22		True
2459690.26359954	1005.2		True
2459690.26354167	1005.2		True
2459690.2634838	1005.2		True
2459690.26342593	1005.18		True
2459690.26336806	1005.24		True
2459690.26329861	1005.19		True
2459690.26324074	1005.17		True
2459690.26318287	1005.19		True
2459690.263125	1005.2		True
2459690.26306713	1005.2		True
2459690.26300926	1005.18		True
2459690.26295139	1005.2		True
2459690.26289352	1005.21		True
2459690.26282407	1005.2		True
2459690.2627662	1005.18		True
2459690.26270833	1005.23		True
2459690.26265046	1005.21		True
2459690.26259259	1005.21		True
2459690.26253472	1005.24		True
2459690.26247685	1005.21		True
2459690.26241898	1005.21		True
2459690.26234954	1005.22		True
2459690.26229167	1005.22		True
2459690.2622338	1005.26		True
2459690.26217593	1005.24		True
2459690.26210648	1005.28		True
2459690.26204861	1005.24		True
2459690.26199074	1005.25		True
2459690.26193287	1005.28		True
2459690.26186343	1005.25		True
2459690.26180556	1005.24		True
2459690.26174769	1005.22		True
2459690.26168981	1005.32		True
2459690.26163194	1005.31		True
2459690.26157407	1005.31		True
2459690.2615162	1005.3		True
2459690.26145833	1005.29		True
2459690.26138889	1005.29		True
2459690.26133102	1005.27		True
2459690.26127315	1005.28		True
2459690.26121528	1005.28		True
2459690.26114583	1005.29		True
2459690.26108796	1005.27		True
2459690.26103009	1005.28		True
2459690.26097222	1005.28		True
2459690.26091435	1005.31		True
2459690.26085648	1005.26		True
2459690.26079861	1005.3		True
2459690.26074074	1005.29		True
2459690.2606713	1005.31		True
2459690.26061343	1005.33		True
2459690.26055556	1005.28		True
2459690.26049768	1005.32		True
2459690.26042824	1005.29		True
2459690.26037037	1005.3		True
2459690.2603125	1005.32		True
2459690.26025463	1005.31		True
2459690.26018519	1005.3		True
2459690.26012731	1005.32		True
2459690.26006944	1005.29		True
2459690.26001157	1005.27		True
2459690.2599537	1005.32		True
2459690.25989583	1005.3		True
2459690.25983796	1005.33		True
2459690.25978009	1005.35		True
2459690.25971065	1005.29		True
2459690.25965278	1005.34		True
2459690.25959491	1005.32		True
2459690.25953704	1005.3		True
2459690.25946759	1005.31		True
2459690.25940972	1005.31		True
2459690.25935185	1005.32		True
2459690.25929398	1005.3		True
2459690.25923611	1005.32		True
2459690.25917824	1005.29		True
2459690.25912037	1005.31		True
2459690.2590625	1005.33		True
2459690.25899306	1005.3		True
2459690.25893518	1005.31		True
2459690.25887731	1005.3		True
2459690.25881944	1005.33		True
2459690.25875	1005.31		True
2459690.25869213	1005.31		True
2459690.25863426	1005.31		True
2459690.25857639	1005.32		True
2459690.25851852	1005.32		True
2459690.25846065	1005.31		True
2459690.25840278	1005.31		True
2459690.25834491	1005.28		True
2459690.25827546	1005.34		True
2459690.25821759	1005.29		True
2459690.25815972	1005.31		True
2459690.25810185	1005.31		True
2459690.25804398	1005.31		True
2459690.25798611	1005.31		True
2459690.25792824	1005.29		True
2459690.25787037	1005.3		True
2459690.25780093	1005.3		True
2459690.25774306	1005.31		True
2459690.25768519	1005.3		True
2459690.25762731	1005.28		True
2459690.25755787	1005.27		True
2459690.2575	1005.27		True
2459690.25744213	1005.26		True
2459690.25738426	1005.28		True
2459690.25731481	1005.29		True
2459690.25725694	1005.29		True
2459690.25719907	1005.28		True
2459690.2571412	1005.26		True
2459690.25708333	1005.3		True
2459690.25702546	1005.3		True
2459690.25696759	1005.3		True
2459690.25690972	1005.3		True
2459690.25685185	1005.3		True
2459690.25679398	1005.31		True
2459690.25673611	1005.31		True
2459690.25667824	1005.3		True
2459690.2566088	1005.29		True
2459690.25655093	1005.31		True
2459690.25649306	1005.28		True
2459690.25643519	1005.28		True
2459690.25636574	1005.25		True
2459690.25630787	1005.27		True
2459690.25625	1005.28		True
2459690.25619213	1005.29		True
2459690.25613426	1005.29		True
2459690.25607639	1005.27		True
2459690.25601852	1005.31		True
2459690.25596065	1005.29		True
2459690.2558912	1005.3		True
2459690.25583333	1005.33		True
2459690.25577546	1005.31		True
2459690.25571759	1005.27		True
2459690.25565972	1005.25		True
2459690.25560185	1005.25		True
2459690.25554398	1005.26		True
2459690.25548611	1005.25		True
2459690.25541667	1005.29		True
2459690.2553588	1005.25		True
2459690.25530093	1005.31		True
2459690.25524306	1005.27		True
2459690.25518519	1005.31		True
2459690.25512731	1005.27		True
2459690.25506944	1005.27		True
2459690.25501157	1005.3		True
2459690.25494213	1005.29		True
2459690.25488426	1005.28		True
2459690.25482639	1005.29		True
2459690.25476852	1005.3		True
2459690.25469907	1005.25		True
2459690.2546412	1005.3		True
2459690.25458333	1005.25		True
2459690.25452546	1005.26		True
2459690.25445602	1005.25		True
2459690.25439815	1005.25		True
2459690.25434028	1005.24		True
2459690.25428241	1005.26		True
2459690.25422454	1005.3		True
2459690.25416667	1005.27		True
2459690.2541088	1005.27		True
2459690.25405093	1005.26		True
2459690.25398148	1005.27		True
2459690.25392361	1005.28		True
2459690.25386574	1005.27		True
2459690.25380787	1005.28		True
2459690.25373843	1005.26		True
2459690.25368056	1005.27		True
2459690.25362269	1005.27		True
2459690.25356481	1005.27		True
2459690.25350694	1005.28		True
2459690.25344907	1005.25		True
2459690.2533912	1005.25		True
2459690.25333333	1005.26		True
2459690.25326389	1005.25		True
2459690.25320602	1005.27		True
2459690.25314815	1005.27		True
2459690.25309028	1005.25		True
2459690.25303241	1005.26		True
2459690.25297454	1005.29		True
2459690.25291667	1005.24		True
2459690.2528588	1005.29		True
2459690.25280093	1005.24		True
2459690.25274306	1005.21		True
2459690.25268518	1005.21		True
2459690.25262732	1005.18		True
2459690.25255787	1005.18		True
2459690.2525	1005.22		True
2459690.25244213	1005.21		True
2459690.25238426	1005.22		True
2459690.25231481	1005.22		True
2459690.25225694	1005.21		True
2459690.25219907	1005.18		True
2459690.2521412	1005.2		True
2459690.25208333	1005.24		True
2459690.25202546	1005.21		True
2459690.25196759	1005.22		True
2459690.25190972	1005.24		True
2459690.25184028	1005.21		True
2459690.25178241	1005.24		True
2459690.25172454	1005.24		True
2459690.25166667	1005.23		True
2459690.25159722	1005.22		True
2459690.25153935	1005.22		True
2459690.25148148	1005.23		True
2459690.25142361	1005.21		True
2459690.25135417	1005.22		True
2459690.2512963	1005.19		True
2459690.25123843	1005.21		True
2459690.25118056	1005.18		True
2459690.25112268	1005.25		True
2459690.25106481	1005.22		True
2459690.25100694	1005.24		True
2459690.25094907	1005.18		True
2459690.25087963	1005.22		True
2459690.25082176	1005.21		True
2459690.25076389	1005.21		True
2459690.25070602	1005.21		True
2459690.25063657	1005.22		True
2459690.2505787	1005.22		True
2459690.25052083	1005.23		True
2459690.25046296	1005.2		True
2459690.25039352	1005.23		True
2459690.25033565	1005.21		True
2459690.25027778	1005.28		True
2459690.25021991	1005.19		True
2459690.25015046	1005.2		True
2459690.25009259	1005.22		True
2459690.25003472	1005.22		True
2459690.24997685	1005.2		True
2459690.24990741	1005.21		True
2459690.24984954	1005.22		True
2459690.24979167	1005.23		True
2459690.2497338	1005.21		True
2459690.24966435	1005.16		True
2459690.24960648	1005.17		True
2459690.24954861	1005.2		True
2459690.24949074	1005.25		True
2459690.2494213	1005.24		True
2459690.24936343	1005.25		True
2459690.24930556	1005.27		True
2459690.24924768	1005.25		True
2459690.24917824	1005.27		True
2459690.24912037	1005.25		True
2459690.2490625	1005.21		True
2459690.24900463	1005.23		True
2459690.24893519	1005.22		True
2459690.24887731	1005.25		True
2459690.24881944	1005.24		True
2459690.24876157	1005.25		True
2459690.24869213	1005.25		True
2459690.24863426	1005.23		True
2459690.24857639	1005.25		True
2459690.24851852	1005.25		True
2459690.24844907	1005.23		True
2459690.2483912	1005.24		True
2459690.24833333	1005.24		True
2459690.24827546	1005.24		True
2459690.24820602	1005.25		True
2459690.24814815	1005.21		True
2459690.24809028	1005.25		True
2459690.24803241	1005.27		True
2459690.24796296	1005.26		True
2459690.24790509	1005.26		True
2459690.24784722	1005.27		True
2459690.24778935	1005.27		True
2459690.24773148	1005.3		True
2459690.24767361	1005.27		True
2459690.24761574	1005.25		True
2459690.24755787	1005.28		True
2459690.24748843	1005.28		True
2459690.24743056	1005.28		True
2459690.24737269	1005.3		True
2459690.24731481	1005.27		True
2459690.24725694	1005.29		True
2459690.24719907	1005.31		True
2459690.2471412	1005.32		True
2459690.24708333	1005.34		True
2459690.24701389	1005.33		True
2459690.24695602	1005.33		True
2459690.24689815	1005.39		True
2459690.24684028	1005.37		True
2459690.24677083	1005.4		True
2459690.24671296	1005.36		True
2459690.24665509	1005.37		True
2459690.24659722	1005.4		True
2459690.24653935	1005.4		True
2459690.24648148	1005.4		True
2459690.24642361	1005.41		True
2459690.24636574	1005.45		True
2459690.24630787	1005.43		True
2459690.24625	1005.44		True
2459690.24619213	1005.42		True
2459690.24613426	1005.43		True
2459690.24606481	1005.42		True
2459690.24600694	1005.44		True
2459690.24594907	1005.38		True
2459690.2458912	1005.4		True
2459690.24583333	1005.38		True
2459690.24577546	1005.4		True
2459690.24571759	1005.38		True
2459690.24565972	1005.39		True
2459690.24559028	1005.4		True
2459690.24553241	1005.42		True
2459690.24547454	1005.41		True
2459690.24541667	1005.4		True
2459690.2453588	1005.4		True
2459690.24530093	1005.43		True
2459690.24524306	1005.4		True
2459690.24518519	1005.39		True
2459690.24511574	1005.39		True
2459690.24505787	1005.39		True
2459690.24494213	1005.44		True
2459690.24487268	1005.43		True
2459690.24481481	1005.42		True
2459690.24475694	1005.41		True
2459690.24469907	1005.41		True
2459690.2446412	1005.42		True
2459690.24458333	1005.39		True
2459690.24452546	1005.38		True
2459690.24446759	1005.43		True
2459690.24439815	1005.45		True
2459690.24434028	1005.4		True
2459690.24428241	1005.4		True
2459690.24422454	1005.42		True
2459690.24415509	1005.4		True
2459690.24409722	1005.43		True
2459690.24403935	1005.41		True
2459690.24398148	1005.44		True
2459690.24391204	1005.46		True
2459690.24385417	1005.44		True
2459690.2437963	1005.44		True
2459690.24373843	1005.42		True
2459690.24368056	1005.42		True
2459690.24362269	1005.42		True
2459690.24356481	1005.39		True
2459690.24350694	1005.36		True
2459690.2434375	1005.41		True
2459690.24337963	1005.4		True
2459690.24332176	1005.41		True
2459690.24326389	1005.4		True
2459690.24319444	1005.4		True
2459690.24313657	1005.38		True
2459690.2430787	1005.38		True
2459690.24302083	1005.39		True
2459690.24296296	1005.38		True
2459690.24290509	1005.38		True
2459690.24284722	1005.38		True
2459690.24278935	1005.37		True
2459690.24273148	1005.34		True
2459690.24267361	1005.35		True
2459690.24261574	1005.38		True
2459690.24255787	1005.37		True
2459690.24248843	1005.35		True
2459690.24243056	1005.33		True
2459690.24237269	1005.33		True
2459690.24231481	1005.32		True
2459690.24225694	1005.34		True
2459690.24219907	1005.38		True
2459690.2421412	1005.36		True
2459690.24208333	1005.35		True
2459690.24202546	1005.37		True
2459690.24196759	1005.33		True
2459690.24190972	1005.36		True
2459690.24185185	1005.34		True
2459690.24178241	1005.34		True
2459690.24172454	1005.36		True
2459690.24166667	1005.36		True
2459690.2416088	1005.38		True
2459690.24155093	1005.37		True
2459690.24149306	1005.35		True
2459690.24143518	1005.36		True
2459690.24137732	1005.39		True
2459690.24131944	1005.41		True
2459690.24126157	1005.39		True
2459690.2412037	1005.37		True
2459690.24114583	1005.39		True
