JD	temp_h		sunlit
2459690.36534722	44.12		True
2459690.36528935	44.14		True
2459690.36523148	44.21		True
2459690.36517361	44.03		True
2459690.36511574	44.07		True
2459690.36505787	44.05		True
2459690.36494213	44.1		True
2459690.36488426	44.14		True
2459690.36482639	44.1		True
2459690.36476852	44.01		True
2459690.36471065	44.1		True
2459690.36465278	44.03		True
2459690.36459491	44.1		True
2459690.36453704	44.14		True
2459690.36447917	44.03		True
2459690.3644213	44.17		True
2459690.36436343	44.1		True
2459690.36430556	44.05		True
2459690.36424769	44.12		True
2459690.36418981	44.19		True
2459690.36413194	44.03		True
2459690.36407407	44.08		True
2459690.3640162	44.05		True
2459690.36395833	44.1		True
2459690.36390046	44.17		True
2459690.36384259	44.01		True
2459690.36378472	44.23		True
2459690.36372685	44.17		True
2459690.36366898	44.1		False
2459690.36361111	44.19		False
2459690.36355324	44.21		False
2459690.36349537	44.03		False
2459690.3634375	44.19		False
2459690.36337963	44.14		False
2459690.36332176	44.17		False
2459690.36326389	44.1		False
2459690.36320602	44.05		False
2459690.36314815	44.03		False
2459690.36309028	44.1		False
2459690.36303241	44.08		False
2459690.36297454	44.19		False
2459690.36291667	44.08		False
2459690.3628588	44.16		False
2459690.36280093	44.05		False
2459690.36274306	44.17		False
2459690.36268519	44.14		False
2459690.36262731	44.16		False
2459690.36256944	44.07		False
2459690.36251157	44.08		False
2459690.3624537	44.03		False
2459690.36239583	44.1		False
2459690.36233796	44.21		False
2459690.36228009	44.1		False
2459690.36222222	44.12		False
2459690.36216435	44.19		False
2459690.36210648	44.16		False
2459690.36204861	44.14		False
2459690.36199074	44.12		False
2459690.36193287	44.1		False
2459690.361875	44.14		False
2459690.36181713	44.07		False
2459690.36175926	44.14		False
2459690.36170139	44.08		False
2459690.36164352	44.16		False
2459690.36158565	44.07		False
2459690.36152778	44.3		False
2459690.36146991	44.12		False
2459690.36141204	44.1		False
2459690.36135417	44.12		False
2459690.3612963	44.14		False
2459690.36123843	44.1		False
2459690.36118056	44.05		False
2459690.36112268	44.07		False
2459690.36106481	44.1		False
2459690.36100694	44.14		False
2459690.36094907	44.12		False
2459690.3608912	44.1		False
2459690.36083333	44.1		False
2459690.36077546	44.23		False
2459690.36071759	44.19		False
2459690.36065972	44.08		False
2459690.36060185	44.12		False
2459690.36054398	44.17		False
2459690.36048611	44.17		False
2459690.36042824	44.14		False
2459690.36037037	44.1		False
2459690.3603125	44.1		False
2459690.36025463	44.19		False
2459690.36019676	44.1		False
2459690.36013889	44.14		False
2459690.36008102	44.25		False
2459690.36002315	44.14		False
2459690.35996528	44.17		False
2459690.35990741	44.1		False
2459690.35984954	44.17		False
2459690.35979167	44.19		False
2459690.3597338	44.26		False
2459690.35967593	44.14		False
2459690.35961806	44.05		False
2459690.35956018	44.17		False
2459690.35950231	44.12		False
2459690.35944444	44.14		False
2459690.35938657	44.1		False
2459690.3593287	44.19		False
2459690.35927083	44.12		False
2459690.35921296	44.25		False
2459690.35915509	44.12		False
2459690.35909722	44.14		False
2459690.35903935	44.14		False
2459690.35898148	44.17		False
2459690.35892361	44.14		False
2459690.35886574	44.12		False
2459690.35880787	43.98		False
2459690.35875	44.16		False
2459690.35869213	44.08		False
2459690.35863426	44.17		False
2459690.35857639	44.14		False
2459690.35851852	44.1		False
2459690.35846065	44.07		False
2459690.35840278	44.16		False
2459690.35834491	44.19		False
2459690.35828704	44.17		False
2459690.35822917	44.14		False
2459690.3581713	44.12		False
2459690.35811343	44.03		False
2459690.35805556	44.12		False
2459690.35799768	44.19		False
2459690.35793981	44.1		False
2459690.35788194	44.08		False
2459690.35782407	44.16		False
2459690.3577662	44.01		False
2459690.35770833	44.08		False
2459690.35765046	44.21		False
2459690.35759259	44.19		False
2459690.35753472	44.16		False
2459690.35747685	44.16		False
2459690.35741898	44.23		False
2459690.35736111	44.12		False
2459690.35730324	44.19		False
2459690.35724537	44.1		False
2459690.3571875	44.08		False
2459690.35712963	44.14		False
2459690.35707176	44.19		False
2459690.35701389	44.25		False
2459690.35695602	44.12		False
2459690.35689815	44.17		False
2459690.35684028	44.1		False
2459690.35678241	44.14		False
2459690.35672454	44.12		False
2459690.35666667	44.08		False
2459690.3566088	44.1		False
2459690.35655093	44.16		False
2459690.35649306	44.12		False
2459690.35643518	44.16		False
2459690.35637731	44.08		False
2459690.35631944	44.07		False
2459690.35626157	44.08		False
2459690.3562037	44.16		False
2459690.35614583	44.14		False
2459690.35608796	44.14		False
2459690.35603009	44.08		False
2459690.35597222	44.05		False
2459690.35591435	44.16		False
2459690.35585648	44.08		False
2459690.35579861	44.14		False
2459690.35574074	44.12		False
2459690.35568287	44.07		False
2459690.355625	44.1		False
2459690.35556713	44.12		False
2459690.35550926	44.08		False
2459690.35545139	44.12		False
2459690.35539352	44.14		False
2459690.35533565	44.07		False
2459690.35527778	44.08		False
2459690.35521991	44.08		False
2459690.35516204	44.19		False
2459690.35510417	44.03		False
2459690.3550463	44.07		False
2459690.35498843	44.1		False
2459690.35493056	44.21		False
2459690.35487269	44.16		False
2459690.35481481	44.08		False
2459690.35475694	44.12		False
2459690.35469907	44.08		False
2459690.3546412	44.05		False
2459690.35458333	44.14		False
2459690.35452546	44.16		False
2459690.35446759	44		False
2459690.35440972	44.21		False
2459690.35435185	44.1		False
2459690.35429398	44.12		False
2459690.35423611	44.07		False
2459690.35417824	44.05		False
2459690.35412037	44.16		False
2459690.3540625	44.12		False
2459690.35400463	44.17		False
2459690.35394676	44.21		False
2459690.35388889	44.1		False
2459690.35383102	44.08		False
2459690.35377315	44.14		False
2459690.35371528	44.14		False
2459690.35365741	44.14		False
2459690.35359954	44.12		False
2459690.35354167	44.28		False
2459690.3534838	44.16		False
2459690.35342593	44.14		False
2459690.35336806	44.16		False
2459690.35331018	44.14		False
2459690.35325231	44.16		False
2459690.35319444	44.25		False
2459690.35313657	44.08		False
2459690.3530787	44.19		False
2459690.35302083	44.08		False
2459690.35296296	44.19		False
2459690.35290509	44.14		False
2459690.35284722	44.23		False
2459690.35278935	44.19		False
2459690.35273148	44.1		False
2459690.35267361	44.17		False
2459690.35261574	44.14		False
2459690.35255787	44.21		False
2459690.3525	44.08		False
2459690.35244213	44.23		False
2459690.35238426	44.14		False
2459690.35232639	44.08		False
2459690.35226852	43.98		False
2459690.35221065	44.14		False
2459690.35215278	44.14		False
2459690.35209491	44.1		False
2459690.35203704	44.08		False
2459690.35197917	44.17		False
2459690.3519213	44.12		False
2459690.35186343	44.19		False
2459690.35180556	44.19		False
2459690.35174768	44.08		False
2459690.35168981	44.21		False
2459690.35163194	44.08		False
2459690.35157407	44.12		False
2459690.3515162	44.17		False
2459690.35145833	44.07		False
2459690.35140046	44.19		False
2459690.35134259	44.19		False
2459690.35128472	44.07		False
2459690.35122685	44.25		False
2459690.35116898	44.14		False
2459690.35111111	44.25		False
2459690.35105324	44.14		False
2459690.35099537	44.1		False
2459690.3509375	44.16		False
2459690.35087963	44.19		False
2459690.35082176	44.19		False
2459690.35076389	44.23		False
2459690.35070602	44.05		False
2459690.35064815	44.08		False
2459690.35059028	44.17		False
2459690.35053241	44.16		False
2459690.35047454	44.16		False
2459690.35041667	44.19		False
2459690.3503588	44.25		False
2459690.35030093	44.16		False
2459690.35024306	44.1		False
2459690.35018518	44.19		False
2459690.35012731	44.19		False
2459690.35006944	43.98		False
2459690.35001157	44.14		False
2459690.3499537	44.16		False
2459690.34989583	44.07		False
2459690.34983796	44.14		False
2459690.34978009	44.28		False
2459690.34972222	44.12		False
2459690.34966435	44.17		False
2459690.34960648	44.21		False
2459690.34954861	44.28		False
2459690.34949074	44.17		False
2459690.34943287	44.26		False
2459690.349375	44.08		False
2459690.34931713	44.19		False
2459690.34925926	44.26		False
2459690.34920139	44.23		False
2459690.34914352	44.23		False
2459690.34908565	44.07		False
2459690.34902778	44.23		False
2459690.34896991	44.23		False
2459690.34891204	44.1		False
2459690.34885417	44.16		False
2459690.3487963	44.14		False
2459690.34873843	44.16		False
2459690.34868056	44.17		False
2459690.34862268	44.17		False
2459690.34856481	44.21		False
2459690.34850694	44.21		False
2459690.34844907	44.08		False
2459690.3483912	44.12		False
2459690.34833333	44.1		False
2459690.34827546	44.21		False
2459690.34821759	44.08		False
2459690.34815972	44.17		False
2459690.34810185	44.17		False
2459690.34804398	44.14		False
2459690.34798611	44.16		False
2459690.34792824	44.14		False
2459690.34787037	44.14		False
2459690.3478125	44.21		False
2459690.34775463	44.16		False
2459690.34769676	44.12		False
2459690.34763889	44.12		False
2459690.34758102	44.14		False
2459690.34752315	44.1		False
2459690.34746528	44.19		False
2459690.34740741	44.19		False
2459690.34734954	44.21		False
2459690.34729167	44.08		False
2459690.3472338	44.14		False
2459690.34717593	44.21		False
2459690.34711806	44.23		False
2459690.34706019	44.14		False
2459690.34700231	44.19		False
2459690.34694444	44.12		False
2459690.34688657	44.14		False
2459690.3468287	44.26		False
2459690.34677083	44.16		False
2459690.34671296	44.21		False
2459690.34665509	44.16		False
2459690.34659722	44.19		False
2459690.34653935	44.1		False
2459690.34648148	44.1		False
2459690.34642361	44.12		False
2459690.34636574	44.14		False
2459690.34630787	44.16		False
2459690.34625	44.17		False
2459690.34619213	44.17		False
2459690.34613426	44.17		False
2459690.34607639	44.17		False
2459690.34601852	44.28		False
2459690.34596065	44.12		False
2459690.34590278	44.16		False
2459690.34584491	44.17		False
2459690.34578704	44.03		False
2459690.34572917	44.19		False
2459690.3456713	44.08		False
2459690.34561343	44.25		False
2459690.34555556	44.08		False
2459690.34549768	44.21		False
2459690.34543982	44.19		False
2459690.34538194	44.19		False
2459690.34532407	44.17		False
2459690.3452662	44.28		False
2459690.34520833	44.12		False
2459690.34515046	44.08		False
2459690.34509259	44.12		False
2459690.34503472	44.1		False
2459690.34497685	44.26		False
2459690.34491898	44.12		False
2459690.34486111	44.14		False
2459690.34480324	44.17		False
2459690.34474537	44.21		False
2459690.3446875	44.19		False
2459690.34462963	44.19		False
2459690.34457176	44.21		False
2459690.34451389	44.23		False
2459690.34445602	44.12		False
2459690.34439815	44.17		False
2459690.34434028	44.14		False
2459690.34428241	44.1		False
2459690.34422454	44.16		False
2459690.34416667	44.23		False
2459690.3441088	44.25		False
2459690.34405093	44.19		False
2459690.34399306	44.16		False
2459690.34393518	44.19		False
2459690.34387731	44.21		False
2459690.34381944	44.37		False
2459690.34376157	44.26		False
2459690.3437037	44.14		False
2459690.34364583	44.28		False
2459690.34358796	44.19		False
2459690.34353009	44.32		False
2459690.34347222	44.07		False
2459690.34341435	44.16		False
2459690.34335648	44.17		False
2459690.34329861	44.32		False
2459690.34324074	44.19		False
2459690.34318287	44.16		False
2459690.343125	44.23		False
2459690.34306713	44.17		False
2459690.34300926	44.19		False
2459690.34295139	44.19		False
2459690.34289352	44.23		False
2459690.34283565	44.21		False
2459690.34277778	44.23		False
2459690.34271991	44.28		False
2459690.34266204	44.21		False
2459690.34260417	44.25		False
2459690.3425463	44.23		False
2459690.34248843	44.16		False
2459690.34243056	44.17		False
2459690.34237268	44.25		False
2459690.34231481	44.19		False
2459690.34225694	44.12		False
2459690.34219907	44.19		False
2459690.3421412	44.3		False
2459690.34208333	44.25		False
2459690.34202546	44.28		False
2459690.34196759	44.17		False
2459690.34190972	44.16		False
2459690.34185185	44.32		False
2459690.34179398	44.21		False
2459690.34173611	44.19		False
2459690.34167824	44.14		False
2459690.34162037	44.19		False
2459690.3415625	44.23		False
2459690.34150463	44.14		False
2459690.34144676	44.21		False
2459690.34138889	44.19		False
2459690.34133102	44.28		False
2459690.34127315	44.3		False
2459690.34121528	44.19		False
2459690.34115741	44.17		False
2459690.34109954	44.16		False
2459690.34104167	44.21		False
2459690.3409838	44.23		False
2459690.34092593	44.08		False
2459690.34086806	44.26		False
2459690.34081019	44.23		False
2459690.34075231	44.19		False
2459690.34069444	44.28		False
2459690.34063657	44.23		False
2459690.3405787	44.37		False
2459690.34052083	44.17		False
2459690.34046296	44.19		False
2459690.34040509	44.3		False
2459690.34034722	44.23		False
2459690.34028935	44.23		False
2459690.34023148	44.26		False
2459690.34017361	44.26		False
2459690.34011574	44.25		False
2459690.34005787	44.26		False
2459690.34	44.19		False
2459690.33994213	44.26		False
2459690.33988426	44.25		False
2459690.33982639	44.26		False
2459690.33976852	44.17		False
2459690.33971065	44.12		False
2459690.33965278	44.37		True
2459690.33959491	44.23		True
2459690.33953704	44.34		True
2459690.33947917	44.3		True
2459690.3394213	44.25		True
2459690.33936343	44.16		True
2459690.33930556	44.35		True
2459690.33924769	44.23		True
2459690.33918981	44.3		True
2459690.33913194	44.21		True
2459690.33907407	44.28		True
2459690.3390162	44.35		True
2459690.33895833	44.26		True
2459690.33890046	44.32		True
2459690.33884259	44.19		True
2459690.33878472	44.23		True
2459690.33872685	44.26		True
2459690.33866898	44.35		True
2459690.33861111	44.35		True
2459690.33855324	44.3		True
2459690.33849537	44.17		True
2459690.3384375	44.26		True
2459690.33837963	44.16		True
2459690.33832176	44.28		True
2459690.33826389	44.19		True
2459690.33820602	44.23		True
2459690.33814815	44.14		True
2459690.33809028	44.42		True
2459690.33803241	44.34		True
2459690.33797454	44.28		True
2459690.33791667	44.23		True
2459690.3378588	44.19		True
2459690.33780093	44.26		True
2459690.33774306	44.19		True
2459690.33768518	44.19		True
2459690.33762732	44.26		True
2459690.33756944	44.26		True
2459690.33751157	44.26		True
2459690.3374537	44.28		True
2459690.33739583	44.28		True
2459690.33733796	44.26		True
2459690.33728009	44.21		True
2459690.33722222	44.42		True
2459690.33716435	44.23		True
2459690.33710648	44.16		True
2459690.33704861	44.32		True
2459690.33699074	44.21		True
2459690.33693287	44.35		True
2459690.336875	44.23		True
2459690.33681713	44.23		True
2459690.33675926	44.25		True
2459690.33670139	44.25		True
2459690.33664352	44.23		True
2459690.33658565	44.25		True
2459690.33652778	44.39		True
2459690.33646991	44.23		True
2459690.33641204	44.3		True
2459690.33634259	44.21		True
2459690.33628472	44.23		True
2459690.33622685	44.21		True
2459690.33616898	44.3		True
2459690.33611111	44.26		True
2459690.33605324	44.25		True
2459690.33599537	44.23		True
2459690.3359375	44.34		True
2459690.33586806	44.23		True
2459690.33581019	44.16		True
2459690.33575231	44.32		True
2459690.33569444	44.23		True
2459690.33563657	44.3		True
2459690.3355787	44.25		True
2459690.33552083	44.3		True
2459690.33546296	44.25		True
2459690.33539352	44.28		True
2459690.33533565	44.25		True
2459690.33527778	44.32		True
2459690.33521991	44.21		True
2459690.33516204	44.28		True
2459690.33510417	44.28		True
2459690.3350463	44.28		True
2459690.33498843	44.25		True
2459690.33491898	44.23		True
2459690.33486111	44.3		True
2459690.33480324	44.23		True
2459690.33474537	44.19		True
2459690.3346875	44.16		True
2459690.33462963	44.23		True
2459690.33457176	44.26		True
2459690.33451389	44.3		True
2459690.33444444	44.28		True
2459690.33438657	44.23		True
2459690.3343287	44.23		True
2459690.33427083	44.19		True
2459690.33420139	44.34		True
2459690.33414352	44.21		True
2459690.33408565	44.21		True
2459690.33402778	44.21		True
2459690.33396991	44.28		True
2459690.33391204	44.21		True
2459690.33385417	44.28		True
2459690.3337963	44.19		True
2459690.33372685	44.21		True
2459690.33366898	44.28		True
2459690.33361111	44.25		True
2459690.33355324	44.25		True
2459690.33349537	44.3		True
2459690.3334375	44.23		True
2459690.33337963	44.35		True
2459690.33332176	44.23		True
2459690.33325231	44.3		True
2459690.33319444	44.23		True
2459690.33313657	44.1		True
2459690.3330787	44.3		True
2459690.33300926	44.32		True
2459690.33295139	44.19		True
2459690.33289352	44.07		True
2459690.33283565	44.21		True
2459690.3327662	44.23		True
2459690.33270833	44.23		True
2459690.33265046	44.21		True
2459690.33259259	44.21		True
2459690.33252315	44.23		True
2459690.33246528	44.23		True
2459690.33240741	44.23		True
2459690.33234954	44.3		True
2459690.33228009	44.23		True
2459690.33222222	44.3		True
2459690.33216435	44.32		True
2459690.33210648	44.23		True
2459690.33203704	44.14		True
2459690.33197917	44.21		True
2459690.3319213	44.1		True
2459690.33186343	44.28		True
2459690.33179398	44.23		True
2459690.33173611	44.32		True
2459690.33167824	44.21		True
2459690.33162037	44.17		True
2459690.33155093	44.17		True
2459690.33149306	44.26		True
2459690.33143519	44.26		True
2459690.33137731	44.16		True
2459690.33131944	44.26		True
2459690.33126157	44.21		True
2459690.3312037	44.14		True
2459690.33114583	44.16		True
2459690.33107639	44.21		True
2459690.33101852	44.34		True
2459690.33096065	44.26		True
2459690.33090278	44.32		True
2459690.33083333	44.12		True
2459690.33077546	44.21		True
2459690.33071759	44.17		True
2459690.33065972	44.26		True
2459690.33059028	44.17		True
2459690.33053241	44.19		True
2459690.33047454	44.25		True
2459690.33041667	44.19		True
2459690.33034722	44.14		True
2459690.33028935	44.19		True
2459690.33023148	44.25		True
2459690.33017361	44.17		True
2459690.33011574	44.23		True
2459690.33005787	44.3		True
2459690.33	44.21		True
2459690.32994213	44.17		True
2459690.32987268	44.21		True
2459690.32981482	44.21		True
2459690.32975694	44.16		True
2459690.32969907	44.25		True
2459690.3296412	44.19		True
2459690.32958333	44.17		True
2459690.32952546	44.19		True
2459690.32946759	44.21		True
2459690.32939815	44.21		True
2459690.32934028	44.19		True
2459690.32928241	44.14		True
2459690.32922454	44.25		True
2459690.32916667	44.17		True
2459690.3291088	44.23		True
2459690.32905093	44.23		True
2459690.32899306	44.21		True
2459690.32893518	44.21		True
2459690.32887731	44.08		True
2459690.32881944	44.23		True
2459690.32876157	44.14		True
2459690.32869213	44.21		True
2459690.32863426	44.25		True
2459690.32857639	44.1		True
2459690.32851852	44.17		True
2459690.32846065	44.14		True
2459690.32840278	44.21		True
2459690.32834491	44.1		True
2459690.32828704	44.16		True
2459690.32821759	44.21		True
2459690.32815972	44.14		True
2459690.32810185	44.12		True
2459690.32804398	44.1		True
2459690.32798611	44.12		True
2459690.32792824	44.12		True
2459690.32787037	44.1		True
2459690.3278125	44.16		True
2459690.32774306	44.07		True
2459690.32768519	44.14		True
2459690.32762731	44.16		True
2459690.32756944	44.12		True
2459690.32751157	44.26		True
2459690.3274537	44.08		True
2459690.32739583	44.21		True
2459690.32733796	44.23		True
2459690.32728009	44.19		True
2459690.32722222	44.21		True
2459690.32716435	44.26		True
2459690.32710648	44.16		True
2459690.32703704	44.28		True
2459690.32697917	44.17		True
2459690.3269213	44.1		True
2459690.32686343	44.01		True
2459690.32680556	44.08		True
2459690.32674768	44.28		True
2459690.32668981	44.14		True
2459690.32663194	44.07		True
2459690.3265625	44.08		True
2459690.32650463	44.08		True
2459690.32644676	44.14		True
2459690.32638889	44.16		True
2459690.32633102	44.19		True
2459690.32627315	44.07		True
2459690.32621528	44.26		True
2459690.32615741	44.07		True
2459690.32608796	44.16		True
2459690.32603009	44.21		True
2459690.32597222	44.16		True
2459690.32591435	44.07		True
2459690.32584491	44.07		True
2459690.32578704	44.23		True
2459690.32572917	44.08		True
2459690.3256713	44.12		True
2459690.32561343	44.21		True
2459690.32555556	44.16		True
2459690.32549768	44.23		True
2459690.32543981	44.1		True
2459690.32538194	44.17		True
2459690.32532407	44.1		True
2459690.3252662	44.23		True
2459690.32520833	44.05		True
2459690.32513889	44.16		True
2459690.32508102	44.16		True
2459690.32502315	44.07		True
2459690.32496528	44.25		True
2459690.32489583	44.21		True
2459690.32483796	44.23		True
2459690.32478009	44.16		True
2459690.32472222	44.28		True
2459690.32465278	44.08		True
2459690.32459491	44.1		True
2459690.32453704	44.19		True
2459690.32447917	44.12		True
2459690.3244213	44.19		True
2459690.32436343	44.05		True
2459690.32430556	44.21		True
2459690.32424769	44.14		True
2459690.32417824	44.01		True
2459690.32412037	44.14		True
2459690.3240625	44.14		True
2459690.32400463	44.17		True
2459690.32393518	44.16		True
2459690.32387731	44.07		True
2459690.32381944	44.14		True
2459690.32376157	44.14		True
2459690.3237037	44.05		True
2459690.32364583	44.05		True
2459690.32358796	44.1		True
2459690.32353009	44.16		True
2459690.32346065	44.05		True
2459690.32340278	44.07		True
2459690.32334491	44.16		True
2459690.32328704	44.08		True
2459690.32321759	44.12		True
2459690.32315972	44.14		True
2459690.32310185	44.17		True
2459690.32304398	44.16		True
2459690.32297454	44.16		True
2459690.32291667	44.16		True
2459690.3228588	44.1		True
2459690.32280093	44.1		True
2459690.32274306	44.05		True
2459690.32268519	44.14		True
2459690.32262731	44.19		True
2459690.32256944	44.21		True
2459690.3225	44.14		True
2459690.32244213	44.19		True
2459690.32238426	44.08		True
2459690.32232639	44.16		True
2459690.32225694	44.12		True
2459690.32219907	44.25		True
2459690.3221412	44.1		True
2459690.32208333	44.07		True
2459690.32202546	44.1		True
2459690.32196759	44.21		True
2459690.32190972	44.14		True
2459690.32185185	44.12		True
2459690.32178241	44.1		True
2459690.32172454	44.12		True
2459690.32166667	44.08		True
2459690.3216088	44.08		True
2459690.32153935	44.16		True
2459690.32148148	44.1		True
2459690.32142361	44.14		True
2459690.32136574	44.16		True
2459690.32130787	44.19		True
2459690.32125	44.12		True
2459690.32119213	44.03		True
2459690.32113426	44.07		True
2459690.32107639	44.1		True
2459690.32101852	44.08		True
2459690.32096065	44.05		True
2459690.32090278	43.96		True
2459690.32083333	44.07		True
2459690.32077546	44.07		True
2459690.32071759	44.14		True
2459690.32065972	44.1		True
2459690.32059028	44.12		True
2459690.32053241	44.08		True
2459690.32047454	44.08		True
2459690.32041667	44.07		True
2459690.3203588	44.03		True
2459690.32030093	43.96		True
2459690.32024306	44.16		True
2459690.32018519	44		True
2459690.32011574	44.1		True
2459690.32005787	44.05		True
2459690.32	44.03		True
2459690.31994213	43.94		True
2459690.31987269	43.92		True
2459690.31981481	44.08		True
2459690.31975694	44.05		True
2459690.31969907	44.01		True
2459690.31962963	44.01		True
2459690.31957176	44.05		True
2459690.31951389	44		True
2459690.31945602	44.03		True
2459690.31938657	44.08		True
2459690.3193287	44.07		True
2459690.31927083	44		True
2459690.31921296	44.14		True
2459690.31914352	44		True
2459690.31908565	44.08		True
2459690.31902778	44.17		True
2459690.31896991	44		True
2459690.31891204	44.08		True
2459690.31885417	44.08		True
2459690.3187963	44.07		True
2459690.31873843	43.96		True
2459690.31866898	44.01		True
2459690.31861111	44.07		True
2459690.31855324	44.01		True
2459690.31849537	44.01		True
2459690.3184375	44.03		True
2459690.31837963	44.07		True
2459690.31832176	44.05		True
2459690.31826389	44		True
2459690.31820602	43.98		True
2459690.31814815	43.92		True
2459690.31809028	43.92		True
2459690.31803241	43.92		True
2459690.31796296	43.87		True
2459690.31790509	43.96		True
2459690.31784722	44.01		True
2459690.31778935	44.01		True
2459690.31773148	44.03		True
2459690.31767361	44.05		True
2459690.31761574	44.03		True
2459690.31755787	44.07		True
2459690.31748843	43.98		True
2459690.31743056	44		True
2459690.31737269	43.96		True
2459690.31731481	44		True
2459690.31725694	43.94		True
2459690.31719907	43.98		True
2459690.3171412	43.98		True
2459690.31708333	44.05		True
2459690.31701389	43.98		True
2459690.31695602	43.92		True
2459690.31689815	44.05		True
2459690.31684028	44.03		True
2459690.31677083	44		True
2459690.31671296	43.87		True
2459690.31665509	44.03		True
2459690.31659722	43.98		True
2459690.31653935	43.98		True
2459690.31648148	43.91		True
2459690.31642361	43.82		True
2459690.31636574	44.01		True
2459690.3162963	43.96		True
2459690.31623843	43.91		True
2459690.31618056	44.03		True
2459690.31612268	43.89		True
2459690.31606481	44.03		True
2459690.31600694	43.98		True
2459690.31594907	44.01		True
2459690.3158912	44		True
2459690.31582176	43.83		True
2459690.31576389	43.96		True
2459690.31570602	43.92		True
2459690.31564815	43.96		True
2459690.3155787	43.91		True
2459690.31552083	43.92		True
2459690.31546296	43.96		True
2459690.31540509	43.92		True
2459690.31534722	43.87		True
2459690.31528935	43.96		True
2459690.31523148	43.89		True
2459690.31517361	44.05		True
2459690.31510417	43.87		True
2459690.3150463	43.98		True
2459690.31498843	43.94		True
2459690.31493056	43.89		True
2459690.31486111	43.91		True
2459690.31480324	43.98		True
2459690.31474537	43.98		True
2459690.3146875	43.89		True
2459690.31461806	43.85		True
2459690.31456019	43.83		True
2459690.31450231	43.89		True
2459690.31444444	43.96		True
2459690.31438657	43.85		True
2459690.3143287	43.91		True
2459690.31427083	43.92		True
2459690.31421296	43.94		True
2459690.31414352	43.92		True
2459690.31408565	43.85		True
2459690.31402778	43.85		True
2459690.31396991	43.89		True
2459690.31390046	43.91		True
2459690.31384259	43.98		True
2459690.31378472	43.94		True
2459690.31372685	43.98		True
2459690.31366898	43.94		True
2459690.31361111	43.96		True
2459690.31355324	43.92		True
2459690.31349537	43.94		True
2459690.3134375	43.98		True
2459690.31337963	43.91		True
2459690.31332176	43.83		True
2459690.31326389	44		True
2459690.31319444	43.94		True
2459690.31313657	43.91		True
2459690.3130787	44.01		True
2459690.31302083	43.83		True
2459690.31296296	43.91		True
2459690.31290509	44		True
2459690.31284722	43.98		True
2459690.31278935	43.91		True
2459690.31273148	43.96		True
2459690.31267361	43.87		True
2459690.31261574	43.96		True
2459690.31255787	43.92		True
2459690.31248843	43.83		True
2459690.31243056	43.87		True
2459690.31237269	43.89		True
2459690.31231481	43.89		True
2459690.31224537	43.83		True
2459690.31219907	43.98		True
2459690.31212963	43.96		True
2459690.31207176	43.87		True
2459690.31201389	43.8		True
2459690.31195602	43.92		True
2459690.31189815	43.94		True
2459690.31184028	43.94		True
2459690.31177083	43.92		True
2459690.31171296	43.92		True
2459690.31165509	43.91		True
2459690.31159722	43.83		True
2459690.31152778	43.98		True
2459690.31146991	43.82		True
2459690.31141204	44		True
2459690.31135417	43.91		True
2459690.31128472	43.89		True
2459690.31122685	43.85		True
2459690.31116898	43.8		True
2459690.31111111	43.8		True
2459690.31105324	43.85		True
2459690.31099537	43.87		True
2459690.3109375	43.91		True
2459690.31087963	43.92		True
2459690.31081018	43.92		True
2459690.31075232	43.83		True
2459690.31069444	43.74		True
2459690.31063657	43.91		True
2459690.31056713	43.87		True
2459690.31050926	43.85		True
2459690.31045139	43.94		True
2459690.31039352	43.85		True
2459690.31033565	43.92		True
2459690.31027778	43.85		True
2459690.31021991	43.94		True
2459690.31016204	43.8		True
2459690.31010417	43.82		True
2459690.3100463	44.03		True
2459690.30998843	43.82		True
2459690.30993056	43.96		True
2459690.30986111	43.89		True
2459690.30980324	43.85		True
2459690.30974537	43.87		True
2459690.3096875	43.82		True
2459690.30962963	43.94		True
2459690.30957176	43.74		True
2459690.30951389	43.89		True
2459690.30945602	43.82		True
2459690.30939815	43.85		True
2459690.30934028	43.89		True
2459690.30928241	43.87		True
2459690.30922454	43.96		True
2459690.30915509	43.89		True
2459690.30909722	43.87		True
2459690.30905093	43.76		True
2459690.30898148	43.89		True
2459690.30892361	43.96		True
2459690.30886574	43.82		True
2459690.30880787	43.74		True
2459690.30875	43.85		True
2459690.30869213	43.91		True
2459690.30863426	43.82		True
2459690.30857639	43.78		True
2459690.30851852	43.73		True
2459690.30844907	43.92		True
2459690.3083912	43.94		True
2459690.30833333	43.89		True
2459690.30827546	43.83		True
2459690.30820602	43.83		True
2459690.30814815	43.89		True
2459690.30809028	43.89		True
2459690.30803241	43.78		True
2459690.30797454	43.74		True
2459690.30791667	43.85		True
2459690.3078588	43.82		True
2459690.30780093	43.78		True
2459690.30773148	43.8		True
2459690.30767361	43.82		True
2459690.30761574	43.91		True
2459690.30755787	43.87		True
2459690.30748843	43.85		True
2459690.30743056	43.83		True
2459690.30737269	43.76		True
2459690.30731481	43.89		True
2459690.30725694	43.76		True
2459690.30719907	43.85		True
2459690.3071412	43.71		True
2459690.30708333	43.82		True
2459690.30701389	43.8		True
2459690.30695602	43.82		True
2459690.30689815	43.83		True
2459690.30684028	43.71		True
2459690.30677083	43.87		True
2459690.30671296	43.82		True
2459690.30665509	43.98		True
2459690.30659722	43.73		True
2459690.30652778	43.89		True
2459690.30646991	43.8		True
2459690.30641204	43.78		True
2459690.30635417	43.74		True
2459690.30628472	43.73		True
2459690.30622685	43.65		True
2459690.30616898	43.98		True
2459690.30611111	43.74		True
2459690.30604167	43.82		True
2459690.3059838	43.83		True
2459690.30592593	43.78		True
2459690.30586806	43.76		True
2459690.30581019	43.78		True
2459690.30575231	43.8		True
2459690.30569444	43.85		True
2459690.30563657	43.76		True
2459690.30556713	43.83		True
2459690.30550926	43.82		True
2459690.30545139	43.83		True
2459690.30539352	43.74		True
2459690.30532407	43.82		True
2459690.3052662	43.67		True
2459690.30520833	43.82		True
2459690.30515046	43.71		True
2459690.30508102	43.83		True
2459690.30502315	43.76		True
2459690.30496528	43.8		True
2459690.30490741	43.76		True
2459690.30483796	43.69		True
2459690.30478009	43.83		True
2459690.30472222	43.78		True
2459690.30466435	43.8		True
2459690.30459491	43.85		True
2459690.30453704	43.82		True
2459690.30447917	43.82		True
2459690.3044213	43.78		True
2459690.30435185	43.87		True
2459690.30429398	43.83		True
2459690.30423611	43.82		True
2459690.30417824	43.76		True
2459690.30412037	43.83		True
2459690.3040625	43.73		True
2459690.30400463	43.82		True
2459690.30394676	43.74		True
2459690.30387731	43.78		True
2459690.30381944	43.85		True
2459690.30376157	43.73		True
2459690.3037037	43.73		True
2459690.30364583	43.69		True
2459690.30358796	43.8		True
2459690.30353009	43.82		True
2459690.30347222	43.69		True
2459690.30341435	43.89		True
2459690.30335648	43.62		True
2459690.30329861	43.78		True
2459690.30324074	43.78		True
2459690.30318287	43.76		True
2459690.303125	43.82		True
2459690.30306713	43.76		True
2459690.30300926	43.76		True
2459690.30295139	43.76		True
2459690.30289352	43.71		True
2459690.30283565	43.87		True
2459690.30277778	43.73		True
2459690.30271991	43.64		True
2459690.30266204	43.69		True
2459690.30260417	43.74		True
2459690.3025463	43.74		True
2459690.30248843	43.65		True
2459690.30243056	43.6		True
2459690.30237269	43.8		True
2459690.30231481	43.76		True
2459690.30225694	43.83		True
2459690.30219907	43.82		True
2459690.3021412	43.83		True
2459690.30208333	43.78		True
2459690.30202546	43.85		True
2459690.30196759	43.76		True
2459690.30190972	43.73		True
2459690.30185185	43.82		True
2459690.30179398	43.74		True
2459690.30173611	43.71		True
2459690.30167824	43.71		True
2459690.30162037	43.69		True
2459690.3015625	43.71		True
2459690.30150463	43.82		True
2459690.30144676	43.78		True
2459690.30138889	43.69		True
2459690.30133102	43.82		True
2459690.30127315	43.78		True
2459690.30121528	43.85		True
2459690.30115741	43.76		True
2459690.30109954	43.8		True
2459690.30104167	43.78		True
2459690.3009838	43.8		True
2459690.30092593	43.74		True
2459690.30086806	43.78		True
2459690.30081019	43.76		True
2459690.30075231	43.85		True
2459690.30069444	43.82		True
2459690.30063657	43.67		True
2459690.3005787	43.76		True
2459690.30052083	43.76		True
2459690.30046296	43.71		True
2459690.30040509	43.8		True
2459690.30034722	43.78		True
2459690.30028935	43.73		True
2459690.30023148	43.76		True
2459690.30017361	43.76		True
2459690.30011574	43.83		True
2459690.30005787	43.65		True
2459690.3	43.76		True
2459690.29994213	43.74		True
2459690.29988426	43.71		True
2459690.29982639	43.76		True
2459690.29976852	43.87		True
2459690.29971065	43.83		True
2459690.29965278	43.71		True
2459690.29959491	43.74		True
2459690.29953704	43.76		True
2459690.29947917	43.74		True
2459690.2994213	43.78		True
2459690.29936343	43.69		True
2459690.29930556	43.82		True
2459690.29924769	43.73		True
2459690.29918981	43.67		True
2459690.29913194	43.73		False
2459690.29907407	43.71		False
2459690.2990162	43.74		False
2459690.29895833	43.82		False
2459690.29890046	43.8		False
2459690.29884259	43.85		False
2459690.29878472	43.78		False
2459690.29872685	43.78		False
2459690.29866898	43.71		False
2459690.29861111	43.76		False
2459690.29855324	43.71		False
2459690.29849537	43.87		False
2459690.2984375	43.67		False
2459690.29837963	43.8		False
2459690.29832176	43.71		False
2459690.29826389	43.74		False
2459690.29820602	43.74		False
2459690.29814815	43.76		False
2459690.29809028	43.76		False
2459690.29803241	43.69		False
2459690.29797454	43.8		False
2459690.29791667	43.69		False
2459690.2978588	43.74		False
2459690.29780093	43.74		False
2459690.29774306	43.76		False
2459690.29768518	43.73		False
2459690.29762731	43.8		False
2459690.29756944	43.82		False
2459690.29751157	43.74		False
2459690.2974537	43.73		False
2459690.29739583	43.8		False
2459690.29733796	43.67		False
2459690.29728009	43.58		False
2459690.29722222	43.71		False
2459690.29716435	43.71		False
2459690.29710648	43.71		False
2459690.29704861	43.65		False
2459690.29699074	43.78		False
2459690.29693287	43.69		False
2459690.296875	43.58		False
2459690.29681713	43.64		False
2459690.29675926	43.67		False
2459690.29670139	43.69		False
2459690.29664352	43.69		False
2459690.29658565	43.71		False
2459690.29652778	43.78		False
2459690.29646991	43.73		False
2459690.29641204	43.73		False
2459690.29635417	43.74		False
2459690.2962963	43.69		False
2459690.29623843	43.69		False
2459690.29618056	43.67		False
2459690.29612269	43.67		False
2459690.29606481	43.64		False
2459690.29600694	43.8		False
2459690.29594907	43.71		False
2459690.2958912	43.64		False
2459690.29583333	43.82		False
2459690.29577546	43.65		False
2459690.29571759	43.71		False
2459690.29565972	43.76		False
2459690.29560185	43.73		False
2459690.29554398	43.65		False
2459690.29548611	43.74		False
2459690.29542824	43.76		False
2459690.29537037	43.76		False
2459690.2953125	43.67		False
2459690.29525463	43.74		False
2459690.29519676	43.67		False
2459690.29513889	43.69		False
2459690.29508102	43.73		False
2459690.29502315	43.76		False
2459690.29496528	43.65		False
2459690.29490741	43.8		False
2459690.29484954	43.78		False
2459690.29479167	43.69		False
2459690.2947338	43.67		False
2459690.29467593	43.67		False
2459690.29461806	43.71		False
2459690.29456019	43.71		False
2459690.29450231	43.64		False
2459690.29444444	43.76		False
2459690.29438657	43.76		False
2459690.2943287	43.62		False
2459690.29427083	43.67		False
2459690.29421296	43.67		False
2459690.29415509	43.64		False
2459690.29409722	43.67		False
2459690.29403935	43.71		False
2459690.29398148	43.69		False
2459690.29392361	43.64		False
2459690.29386574	43.69		False
2459690.29380787	43.65		False
2459690.29375	43.69		False
2459690.29369213	43.67		False
2459690.29363426	43.74		False
2459690.29357639	43.73		False
2459690.29351852	43.62		False
2459690.29346065	43.78		False
2459690.29340278	43.73		False
2459690.29334491	43.71		False
2459690.29328704	43.71		False
2459690.29322917	43.64		False
2459690.2931713	43.73		False
2459690.29311343	43.62		False
2459690.29305556	43.64		False
2459690.29299769	43.69		False
2459690.29293981	43.69		False
2459690.29288194	43.76		False
2459690.29282407	43.76		False
2459690.2927662	43.71		False
2459690.29270833	43.83		False
2459690.29265046	43.73		False
2459690.29259259	43.74		False
2459690.29253472	43.73		False
2459690.29247685	43.78		False
2459690.29241898	43.71		False
2459690.29236111	43.71		False
2459690.29230324	43.73		False
2459690.29224537	43.67		False
2459690.2921875	43.76		False
2459690.29212963	43.82		False
2459690.29207176	43.71		False
2459690.29201389	43.62		False
2459690.29195602	43.67		False
2459690.29189815	43.67		False
2459690.29184028	43.74		False
2459690.29178241	43.78		False
2459690.29172454	43.65		False
2459690.29166667	43.67		False
2459690.2916088	43.6		False
2459690.29155093	43.73		False
2459690.29149306	43.6		False
2459690.29143519	43.65		False
2459690.29137731	43.74		False
2459690.29131944	43.71		False
2459690.29126157	43.64		False
2459690.2912037	43.76		False
2459690.29114583	43.71		False
2459690.29108796	43.73		False
2459690.29103009	43.57		False
2459690.29097222	43.71		False
2459690.29091435	43.69		False
2459690.29085648	43.78		False
2459690.29079861	43.67		False
2459690.29074074	43.76		False
2459690.29068287	43.69		False
2459690.290625	43.73		False
2459690.29056713	43.64		False
2459690.29050926	43.71		False
2459690.29045139	43.71		False
2459690.29039352	43.71		False
2459690.29033565	43.69		False
2459690.29027778	43.67		False
2459690.29021991	43.64		False
2459690.29016204	43.67		False
2459690.29010417	43.6		False
2459690.2900463	43.71		False
2459690.28998843	43.65		False
2459690.28993056	43.58		False
2459690.28987269	43.6		False
2459690.28981481	43.71		False
2459690.28975694	43.65		False
2459690.28969907	43.71		False
2459690.2896412	43.53		False
2459690.28958333	43.69		False
2459690.28952546	43.71		False
2459690.28946759	43.67		False
2459690.28940972	43.62		False
2459690.28935185	43.73		False
2459690.28929398	43.67		False
2459690.28923611	43.64		False
2459690.28917824	43.64		False
2459690.28912037	43.62		False
2459690.2890625	43.8		False
2459690.28900463	43.55		False
2459690.28894676	43.64		False
2459690.28888889	43.67		False
2459690.28883102	43.6		False
2459690.28877315	43.64		False
2459690.28871528	43.67		False
2459690.28865741	43.57		False
2459690.28859954	43.65		False
2459690.28854167	43.51		False
2459690.2884838	43.62		False
2459690.28842593	43.8		False
2459690.28836806	43.62		False
2459690.28831019	43.65		False
2459690.28825231	43.6		False
2459690.28819444	43.67		False
2459690.28813657	43.6		False
2459690.2880787	43.76		False
2459690.28802083	43.64		False
2459690.28796296	43.51		False
2459690.28790509	43.73		False
2459690.28784722	43.58		False
2459690.28778935	43.6		False
2459690.28773148	43.55		False
2459690.28767361	43.73		False
2459690.28761574	43.74		False
2459690.28755787	43.73		False
2459690.2875	43.6		False
2459690.28744213	43.67		False
2459690.28738426	43.64		False
2459690.28732639	43.55		False
2459690.28726852	43.62		False
2459690.28721065	43.58		False
2459690.28715278	43.76		False
2459690.28709491	43.73		False
2459690.28703704	43.57		False
2459690.28697917	43.65		False
2459690.2869213	43.62		False
2459690.28686343	43.62		False
2459690.28680556	43.69		False
2459690.28674769	43.65		False
2459690.28668981	43.53		False
2459690.28663194	43.65		False
2459690.28657407	43.67		False
2459690.2865162	43.65		False
2459690.28645833	43.65		False
2459690.28640046	43.64		False
2459690.28634259	43.71		False
2459690.28628472	43.57		False
2459690.28622685	43.64		False
2459690.28616898	43.62		False
2459690.28611111	43.64		False
2459690.28605324	43.6		False
2459690.28599537	43.6		False
2459690.2859375	43.67		False
2459690.28587963	43.58		False
2459690.28582176	43.58		False
2459690.28576389	43.6		False
2459690.28570602	43.65		False
2459690.28564815	43.64		False
2459690.28559028	43.6		False
2459690.28553241	43.8		False
2459690.28547454	43.65		False
2459690.28541667	43.58		False
2459690.2853588	43.55		False
2459690.28530093	43.71		False
2459690.28524306	43.6		False
2459690.28518519	43.53		False
2459690.28512731	43.64		False
2459690.28506944	43.58		False
2459690.28501157	43.62		False
2459690.2849537	43.58		False
2459690.28489583	43.67		False
2459690.28483796	43.6		False
2459690.28478009	43.51		False
2459690.28472222	43.53		False
2459690.28466435	43.55		False
2459690.28460648	43.55		False
2459690.28454861	43.69		False
2459690.28449074	43.69		False
2459690.28443287	43.55		False
2459690.284375	43.64		False
2459690.28431713	43.62		False
2459690.28425926	43.58		False
2459690.28420139	43.64		False
2459690.28414352	43.64		False
2459690.28408565	43.57		False
2459690.28402778	43.65		False
2459690.28396991	43.57		False
2459690.28391204	43.58		False
2459690.28385417	43.67		False
2459690.2837963	43.65		False
2459690.28373843	43.58		False
2459690.28368056	43.6		False
2459690.28362269	43.62		False
2459690.28356481	43.53		False
2459690.28350694	43.65		False
2459690.28344907	43.55		False
2459690.2833912	43.64		False
2459690.28333333	43.49		False
2459690.28327546	43.55		False
2459690.28321759	43.64		False
2459690.28315972	43.6		False
2459690.28310185	43.51		False
2459690.28304398	43.62		False
2459690.28298611	43.58		False
2459690.28292824	43.55		False
2459690.28287037	43.6		False
2459690.2828125	43.58		False
2459690.28275463	43.51		False
2459690.28269676	43.55		False
2459690.28263889	43.71		False
2459690.28258102	43.49		False
2459690.28252315	43.57		False
2459690.28246528	43.65		False
2459690.28240741	43.64		False
2459690.28234954	43.6		False
2459690.28229167	43.53		False
2459690.2822338	43.67		False
2459690.28217593	43.6		False
2459690.28211806	43.46		False
2459690.28206019	43.71		False
2459690.28200231	43.67		False
2459690.28194444	43.62		False
2459690.28188657	43.55		False
2459690.2818287	43.55		False
2459690.28177083	43.51		False
2459690.28171296	43.65		False
2459690.28165509	43.53		False
2459690.28159722	43.49		False
2459690.28153935	43.48		False
2459690.28148148	43.53		False
2459690.28142361	43.55		False
2459690.28136574	43.64		False
2459690.28130787	43.51		False
2459690.28125	43.48		False
2459690.28119213	43.62		False
2459690.28113426	43.55		False
2459690.28107639	43.51		False
2459690.28101852	43.53		False
2459690.28096065	43.55		False
2459690.28090278	43.49		False
2459690.28084491	43.57		False
2459690.28078704	43.49		False
2459690.28072917	43.57		False
2459690.2806713	43.51		False
2459690.28061343	43.53		False
2459690.28055556	43.62		False
2459690.28049769	43.55		False
2459690.28043981	43.57		False
2459690.28038194	43.53		False
2459690.28032407	43.55		False
2459690.2802662	43.65		False
2459690.28020833	43.55		False
2459690.28015046	43.58		False
2459690.28009259	43.55		False
2459690.28003472	43.65		False
2459690.27997685	43.46		False
2459690.27991898	43.55		False
2459690.27986111	43.55		False
2459690.27980324	43.58		False
2459690.27974537	43.64		False
2459690.2796875	43.57		False
2459690.27962963	43.42		False
2459690.27957176	43.55		False
2459690.27951389	43.55		False
2459690.27945602	43.57		False
2459690.27939815	43.58		False
2459690.27934028	43.62		False
2459690.27928241	43.53		False
2459690.27922454	43.62		False
2459690.27916667	43.58		False
2459690.2791088	43.55		False
2459690.27905093	43.55		False
2459690.27899306	43.53		False
2459690.27893519	43.6		False
2459690.27887731	43.53		False
2459690.27881944	43.58		False
2459690.27876157	43.49		False
2459690.2787037	43.62		False
2459690.27864583	43.53		False
2459690.27858796	43.62		False
2459690.27853009	43.51		False
2459690.27847222	43.51		False
2459690.27841435	43.57		False
2459690.27835648	43.62		False
2459690.27829861	43.58		False
2459690.27824074	43.51		False
2459690.27818287	43.46		False
2459690.278125	43.48		False
2459690.27806713	43.51		False
2459690.27800926	43.64		False
2459690.27795139	43.57		False
2459690.27789352	43.53		False
2459690.27783565	43.53		False
2459690.27777778	43.62		False
2459690.27771991	43.55		False
2459690.27766204	43.67		False
2459690.27760417	43.58		False
2459690.2775463	43.44		False
2459690.27748843	43.31		False
2459690.27743056	43.39		False
2459690.27737269	43.51		False
2459690.27731481	43.39		False
2459690.27725694	43.53		False
2459690.27719907	43.51		False
2459690.2771412	43.48		False
2459690.27708333	43.4		False
2459690.27702546	43.42		False
2459690.27696759	43.48		False
2459690.27690972	43.44		False
2459690.27685185	43.57		False
2459690.27679398	43.46		False
2459690.27673611	43.39		False
2459690.27667824	43.58		False
2459690.27662037	43.53		False
2459690.2765625	43.49		False
2459690.27650463	43.48		False
2459690.27644676	43.51		False
2459690.27638889	43.53		False
2459690.27633102	43.46		False
2459690.27627315	43.51		False
2459690.27621528	43.48		False
2459690.27615741	43.6		False
2459690.27609954	43.49		False
2459690.27604167	43.51		False
2459690.2759838	43.53		False
2459690.27592593	43.57		False
2459690.27586806	43.53		False
2459690.27581019	43.46		False
2459690.27575231	43.46		False
2459690.27569444	43.53		False
2459690.27563657	43.42		False
2459690.2755787	43.48		False
2459690.27552083	43.48		False
2459690.27546296	43.42		False
2459690.27540509	43.53		False
2459690.27534722	43.44		False
2459690.27528935	43.4		False
2459690.27523148	43.49		False
2459690.27517361	43.46		True
2459690.27511574	43.53		True
2459690.27505787	43.48		True
2459690.27494213	43.42		True
2459690.27488426	43.4		True
2459690.27482639	43.51		True
2459690.27476852	43.44		True
2459690.27471065	43.44		True
2459690.27465278	43.42		True
2459690.27459491	43.46		True
2459690.27453704	43.37		True
2459690.27447917	43.48		True
2459690.2744213	43.53		True
2459690.27436343	43.44		True
2459690.27430556	43.53		True
2459690.27424769	43.44		True
2459690.27418981	43.39		True
2459690.27413194	43.42		True
2459690.27407407	43.49		True
2459690.2740162	43.49		True
2459690.27395833	43.4		True
2459690.27390046	43.51		True
2459690.27384259	43.46		True
2459690.27378472	43.35		True
2459690.27372685	43.49		True
2459690.27366898	43.49		True
2459690.27361111	43.44		True
2459690.27355324	43.51		True
2459690.27349537	43.37		True
2459690.2734375	43.49		True
2459690.27337963	43.42		True
2459690.27332176	43.42		True
2459690.27326389	43.49		True
2459690.27320602	43.31		True
2459690.27314815	43.44		True
2459690.27309028	43.4		True
2459690.27303241	43.44		True
2459690.27297454	43.31		True
2459690.27291667	43.33		True
2459690.2728588	43.48		True
2459690.27280093	43.39		True
2459690.27274306	43.39		True
2459690.27268519	43.49		True
2459690.27262731	43.44		True
2459690.27256944	43.49		True
2459690.27251157	43.37		True
2459690.2724537	43.3		True
2459690.27239583	43.44		True
2459690.27233796	43.42		True
2459690.27228009	43.55		True
2459690.27222222	43.42		True
2459690.27216435	43.51		True
2459690.27210648	43.58		True
2459690.27204861	43.48		True
2459690.27199074	43.49		True
2459690.2719213	43.46		True
2459690.27186343	43.42		True
2459690.27180556	43.48		True
2459690.27174768	43.49		True
2459690.27168981	43.44		True
2459690.27163194	43.4		True
2459690.27157407	43.37		True
2459690.2715162	43.42		True
2459690.27144676	43.55		True
2459690.27138889	43.4		True
2459690.27133102	43.48		True
2459690.27127315	43.46		True
2459690.27121528	43.44		True
2459690.27115741	43.44		True
2459690.27109954	43.31		True
2459690.27104167	43.4		True
2459690.27097222	43.49		True
2459690.27091435	43.48		True
2459690.27085648	43.37		True
2459690.27079861	43.46		True
2459690.27074074	43.4		True
2459690.27068287	43.37		True
2459690.270625	43.48		True
2459690.27056713	43.39		True
2459690.27049769	43.51		True
2459690.27043981	43.37		True
2459690.27038194	43.37		True
2459690.27032407	43.28		True
2459690.2702662	43.46		True
2459690.27020833	43.48		True
2459690.27015046	43.44		True
2459690.27009259	43.33		True
2459690.27002315	43.39		True
2459690.26996528	43.42		True
2459690.26990741	43.46		True
2459690.26984954	43.31		True
2459690.26979167	43.42		True
2459690.2697338	43.3		True
2459690.26967593	43.24		True
2459690.26961806	43.4		True
2459690.26954861	43.48		True
2459690.26949074	43.4		True
2459690.26943287	43.39		True
2459690.269375	43.44		True
2459690.26930556	43.31		True
2459690.26924769	43.4		True
2459690.26918981	43.44		True
2459690.26913194	43.31		True
2459690.2690625	43.39		True
2459690.26900463	43.44		True
2459690.26894676	43.42		True
2459690.26888889	43.44		True
2459690.26881944	43.31		True
2459690.26876157	43.33		True
2459690.2687037	43.33		True
2459690.26864583	43.37		True
2459690.26857639	43.31		True
2459690.26851852	43.4		True
2459690.26846065	43.31		True
2459690.26840278	43.39		True
2459690.26834491	43.33		True
2459690.26828704	43.39		True
2459690.26822917	43.33		True
2459690.2681713	43.26		True
2459690.26810185	43.42		True
2459690.26804398	43.31		True
2459690.26798611	43.4		True
2459690.26792824	43.31		True
2459690.2678588	43.31		True
2459690.26780093	43.24		True
2459690.26774306	43.4		True
2459690.26768519	43.48		True
2459690.26761574	43.35		True
2459690.26755787	43.26		True
2459690.2675	43.33		True
2459690.26744213	43.33		True
2459690.26737268	43.28		True
2459690.26731481	43.37		True
2459690.26725694	43.37		True
2459690.26719907	43.39		True
2459690.26712963	43.35		True
2459690.26707176	43.31		True
2459690.26701389	43.28		True
2459690.26695602	43.28		True
2459690.26688657	43.3		True
2459690.2668287	43.26		True
2459690.26677083	43.23		True
2459690.26671296	43.42		True
2459690.26665509	43.4		True
2459690.26659722	43.39		True
2459690.26653935	43.23		True
2459690.26648148	43.33		True
2459690.26641204	43.4		True
2459690.26635417	43.26		True
2459690.2662963	43.26		True
2459690.26623843	43.3		True
2459690.26616898	43.26		True
2459690.26611111	43.26		True
2459690.26605324	43.33		True
2459690.26599537	43.31		True
2459690.26592593	43.23		True
2459690.26586806	43.24		True
2459690.26581019	43.26		True
2459690.26575231	43.21		True
2459690.26569444	43.26		True
2459690.26563657	43.3		True
2459690.2655787	43.39		True
2459690.26552083	43.24		True
2459690.26545139	43.3		True
2459690.26539352	43.19		True
2459690.26533565	43.26		True
2459690.26527778	43.26		True
2459690.26520833	43.39		True
2459690.26515046	43.24		True
2459690.26509259	43.31		True
2459690.26503472	43.24		True
2459690.26497685	43.3		True
2459690.26491898	43.24		True
2459690.26486111	43.42		True
2459690.26480324	43.19		True
2459690.2647338	43.28		True
2459690.26467593	43.17		True
2459690.26461806	43.26		True
2459690.26456019	43.23		True
2459690.26449074	43.17		True
2459690.26443287	43.23		True
2459690.264375	43.24		True
2459690.26431713	43.3		True
2459690.26424769	43.19		True
2459690.26418981	43.26		True
2459690.26413194	43.26		True
2459690.26407407	43.23		True
2459690.2640162	43.24		True
2459690.26395833	43.19		True
2459690.26390046	43.3		True
2459690.26384259	43.21		True
2459690.26377315	43.26		True
2459690.26371528	43.26		True
2459690.26365741	43.26		True
2459690.26359954	43.3		True
2459690.26354167	43.26		True
2459690.2634838	43.24		True
2459690.26342593	43.12		True
2459690.26336806	43.24		True
2459690.26329861	43.17		True
2459690.26324074	43.21		True
2459690.26318287	43.23		True
2459690.263125	43.23		True
2459690.26306713	43.33		True
2459690.26300926	43.26		True
2459690.26295139	43.21		True
2459690.26289352	43.28		True
2459690.26282407	43.17		True
2459690.2627662	43.14		True
2459690.26270833	43.15		True
2459690.26265046	43.24		True
2459690.26259259	43.14		True
2459690.26253472	43.21		True
2459690.26247685	43.12		True
2459690.26241898	43.14		True
2459690.26234954	43.17		True
2459690.26229167	43.19		True
2459690.2622338	43.21		True
2459690.26217593	43.12		True
2459690.26210648	43.15		True
2459690.26204861	43.14		True
2459690.26199074	43.15		True
2459690.26193287	43.15		True
2459690.26186343	43.15		True
2459690.26180556	43.1		True
2459690.26174769	43.14		True
2459690.26168981	43.15		True
2459690.26163194	43.19		True
2459690.26157407	43.17		True
2459690.2615162	43.19		True
2459690.26145833	43.14		True
2459690.26138889	43.12		True
2459690.26133102	43.1		True
2459690.26127315	43.12		True
2459690.26121528	43.14		True
2459690.26114583	43.23		True
2459690.26108796	43.12		True
2459690.26103009	43.06		True
2459690.26097222	43.17		True
2459690.26091435	43.08		True
2459690.26085648	43.14		True
2459690.26079861	43.06		True
2459690.26074074	43.12		True
2459690.2606713	43.14		True
2459690.26061343	43.1		True
2459690.26055556	43.23		True
2459690.26049768	43.1		True
2459690.26042824	43.1		True
2459690.26037037	43.05		True
2459690.2603125	43.17		True
2459690.26025463	43.21		True
2459690.26018519	43.05		True
2459690.26012731	43.03		True
2459690.26006944	43.05		True
2459690.26001157	43.08		True
2459690.2599537	43.1		True
2459690.25989583	43.03		True
2459690.25983796	43.08		True
2459690.25978009	43.1		True
2459690.25971065	43.12		True
2459690.25965278	42.96		True
2459690.25959491	43.05		True
2459690.25953704	43.01		True
2459690.25946759	43.08		True
2459690.25940972	43.1		True
2459690.25935185	43.01		True
2459690.25929398	43.01		True
2459690.25923611	43.12		True
2459690.25917824	43.01		True
2459690.25912037	43.08		True
2459690.2590625	42.99		True
2459690.25899306	43.01		True
2459690.25893518	42.99		True
2459690.25887731	43.05		True
2459690.25881944	43.08		True
2459690.25875	43.06		True
2459690.25869213	43.01		True
2459690.25863426	43.06		True
2459690.25857639	43.01		True
2459690.25851852	43.01		True
2459690.25846065	42.96		True
2459690.25840278	43.01		True
2459690.25834491	43.08		True
2459690.25827546	43.01		True
2459690.25821759	42.97		True
2459690.25815972	42.99		True
2459690.25810185	42.97		True
2459690.25804398	42.99		True
2459690.25798611	43.01		True
2459690.25792824	43.03		True
2459690.25787037	43.01		True
2459690.25780093	43.14		True
2459690.25774306	42.97		True
2459690.25768519	42.99		True
2459690.25762731	42.88		True
2459690.25755787	43.01		True
2459690.2575	42.99		True
2459690.25744213	42.97		True
2459690.25738426	42.97		True
2459690.25731481	43.05		True
2459690.25725694	42.99		True
2459690.25719907	43.03		True
2459690.2571412	42.87		True
2459690.25708333	42.9		True
2459690.25702546	42.97		True
2459690.25696759	42.92		True
2459690.25690972	42.88		True
2459690.25685185	42.87		True
2459690.25679398	42.85		True
2459690.25673611	42.96		True
2459690.25667824	42.88		True
2459690.2566088	42.97		True
2459690.25655093	42.96		True
2459690.25649306	42.88		True
2459690.25643519	42.99		True
2459690.25636574	42.87		True
2459690.25630787	42.85		True
2459690.25625	43.01		True
2459690.25619213	42.83		True
2459690.25613426	42.85		True
2459690.25607639	42.87		True
2459690.25601852	42.88		True
2459690.25596065	42.87		True
2459690.2558912	42.88		True
2459690.25583333	42.88		True
2459690.25577546	42.92		True
2459690.25571759	42.8		True
2459690.25565972	42.87		True
2459690.25560185	42.83		True
2459690.25554398	42.85		True
2459690.25548611	42.87		True
2459690.25541667	42.85		True
2459690.2553588	42.99		True
2459690.25530093	42.87		True
2459690.25524306	42.88		True
2459690.25518519	42.87		True
2459690.25512731	42.85		True
2459690.25506944	42.9		True
2459690.25501157	42.83		True
2459690.25494213	42.94		True
2459690.25488426	42.85		True
2459690.25482639	42.9		True
2459690.25476852	42.76		True
2459690.25469907	42.72		True
2459690.2546412	42.81		True
2459690.25458333	42.62		True
2459690.25452546	42.8		True
2459690.25445602	42.72		True
2459690.25439815	42.85		True
2459690.25434028	42.8		True
2459690.25428241	42.85		True
2459690.25422454	42.81		True
2459690.25416667	42.76		True
2459690.2541088	42.71		True
2459690.25405093	42.74		True
2459690.25398148	42.69		True
2459690.25392361	42.71		True
2459690.25386574	42.81		True
2459690.25380787	42.71		True
2459690.25373843	42.81		True
2459690.25368056	42.69		True
2459690.25362269	42.74		True
2459690.25356481	42.72		True
2459690.25350694	42.69		True
2459690.25344907	42.63		True
2459690.2533912	42.74		True
2459690.25333333	42.67		True
2459690.25326389	42.62		True
2459690.25320602	42.58		True
2459690.25314815	42.69		True
2459690.25309028	42.72		True
2459690.25303241	42.62		True
2459690.25297454	42.62		True
2459690.25291667	42.76		True
2459690.2528588	42.71		True
2459690.25280093	42.74		True
2459690.25274306	42.72		True
2459690.25268518	42.72		True
2459690.25262732	42.56		True
2459690.25255787	42.67		True
2459690.2525	42.65		True
2459690.25244213	42.65		True
2459690.25238426	42.6		True
2459690.25231481	42.54		True
2459690.25225694	42.65		True
2459690.25219907	42.56		True
2459690.2521412	42.65		True
2459690.25208333	42.56		True
2459690.25202546	42.49		True
2459690.25196759	42.56		True
2459690.25190972	42.54		True
2459690.25184028	42.54		True
2459690.25178241	42.53		True
2459690.25172454	42.54		True
2459690.25166667	42.56		True
2459690.25159722	42.53		True
2459690.25153935	42.45		True
2459690.25148148	42.53		True
2459690.25142361	42.51		True
2459690.25135417	42.53		True
2459690.2512963	42.44		True
2459690.25123843	42.4		True
2459690.25118056	42.53		True
2459690.25112268	42.42		True
2459690.25106481	42.51		True
2459690.25100694	42.45		True
2459690.25094907	42.51		True
2459690.25087963	42.53		True
2459690.25082176	42.44		True
2459690.25076389	42.53		True
2459690.25070602	42.49		True
2459690.25063657	42.47		True
2459690.2505787	42.45		True
2459690.25052083	42.33		True
2459690.25046296	42.4		True
2459690.25039352	42.35		True
2459690.25033565	42.44		True
2459690.25027778	42.35		True
2459690.25021991	42.35		True
2459690.25015046	42.4		True
2459690.25009259	42.44		True
2459690.25003472	42.31		True
2459690.24997685	42.45		True
2459690.24990741	42.24		True
2459690.24984954	42.44		True
2459690.24979167	42.29		True
2459690.2497338	42.28		True
2459690.24966435	42.4		True
2459690.24960648	42.29		True
2459690.24954861	42.26		True
2459690.24949074	42.4		True
2459690.2494213	42.42		True
2459690.24936343	42.33		True
2459690.24930556	42.24		True
2459690.24924768	42.28		True
2459690.24917824	42.2		True
2459690.24912037	42.35		True
2459690.2490625	42.24		True
2459690.24900463	42.35		True
2459690.24893519	42.13		True
2459690.24887731	42.33		True
2459690.24881944	42.2		True
2459690.24876157	42.19		True
2459690.24869213	42.17		True
2459690.24863426	42.17		True
2459690.24857639	42.15		True
2459690.24851852	42.29		True
2459690.24844907	42.11		True
2459690.2483912	42.22		True
2459690.24833333	42.22		True
2459690.24827546	42.13		True
2459690.24820602	42.2		True
2459690.24814815	42.17		True
2459690.24809028	42.11		True
2459690.24803241	42.26		True
2459690.24796296	42.13		True
2459690.24790509	42.13		True
2459690.24784722	42.17		True
2459690.24778935	42.2		True
2459690.24773148	42.19		True
2459690.24767361	42.06		True
2459690.24761574	42.24		True
2459690.24755787	42.1		True
2459690.24748843	42.08		True
2459690.24743056	41.97		True
2459690.24737269	42.1		True
2459690.24731481	42.1		True
2459690.24725694	42.22		True
2459690.24719907	41.95		True
2459690.2471412	42.1		True
2459690.24708333	42.04		True
2459690.24701389	42.08		True
2459690.24695602	42.03		True
2459690.24689815	41.95		True
2459690.24684028	42.06		True
2459690.24677083	41.92		True
2459690.24671296	42.08		True
2459690.24665509	42.06		True
2459690.24659722	42.06		True
2459690.24653935	41.95		True
2459690.24648148	42.03		True
2459690.24642361	42.03		True
2459690.24636574	41.94		True
2459690.24630787	41.95		True
2459690.24625	41.97		True
2459690.24619213	41.88		True
2459690.24613426	41.92		True
2459690.24606481	42.01		True
2459690.24600694	41.95		True
2459690.24594907	41.79		True
2459690.2458912	41.88		True
2459690.24583333	41.92		True
2459690.24577546	41.77		True
2459690.24571759	41.81		True
2459690.24565972	41.88		True
2459690.24559028	41.81		True
2459690.24553241	41.81		True
2459690.24547454	41.95		True
2459690.24541667	41.81		True
2459690.2453588	41.92		True
2459690.24530093	41.85		True
2459690.24524306	41.9		True
2459690.24518519	41.72		True
2459690.24511574	41.74		True
2459690.24505787	41.74		True
2459690.24494213	41.7		True
2459690.24487268	41.67		True
2459690.24481481	41.76		True
2459690.24475694	41.72		True
2459690.24469907	41.65		True
2459690.2446412	41.74		True
2459690.24458333	41.63		True
2459690.24452546	41.63		True
2459690.24446759	41.68		True
2459690.24439815	41.76		True
2459690.24434028	41.7		True
2459690.24428241	41.72		True
2459690.24422454	41.6		True
2459690.24415509	41.61		True
2459690.24409722	41.61		True
2459690.24403935	41.63		True
2459690.24398148	41.63		True
2459690.24391204	41.49		True
2459690.24385417	41.61		True
2459690.2437963	41.54		True
2459690.24373843	41.51		True
2459690.24368056	41.65		True
2459690.24362269	41.51		True
2459690.24356481	41.42		True
2459690.24350694	41.45		True
2459690.2434375	41.47		True
2459690.24337963	41.42		True
2459690.24332176	41.51		True
2459690.24326389	41.43		True
2459690.24319444	41.34		True
2459690.24313657	41.29		True
2459690.2430787	41.38		True
2459690.24302083	41.38		True
2459690.24296296	41.31		True
2459690.24290509	41.31		True
2459690.24284722	41.47		True
2459690.24278935	41.33		True
2459690.24273148	41.34		True
2459690.24267361	41.4		True
2459690.24261574	41.4		True
2459690.24255787	41.31		True
2459690.24248843	41.26		True
2459690.24243056	41.31		True
2459690.24237269	41.24		True
2459690.24231481	41.29		True
2459690.24225694	41.18		True
2459690.24219907	41.24		True
2459690.2421412	41.33		True
2459690.24208333	41.27		True
2459690.24202546	41.2		True
2459690.24196759	41.26		True
2459690.24190972	41.24		True
2459690.24185185	41.29		True
2459690.24178241	41.13		True
2459690.24172454	41.24		True
2459690.24166667	41.33		True
2459690.2416088	41.29		True
2459690.24155093	41.18		True
2459690.24149306	41.27		True
2459690.24143518	41.31		True
2459690.24137732	41.09		True
2459690.24131944	41.18		True
2459690.24126157	41.18		True
2459690.2412037	41.15		True
2459690.24114583	41.24		True
